matchId,teamId,total_passes,total_shots,shots_on_target,fouls_committed,tackles,clearances,successful_events,successful_passes,eventId,total_events,pass_success_rate,shot_accuracy,possession_ratio,opponentId,goals_for,goals_against,home_away,team_name,result,result_label
2499719,1609,606,27,10,9,65,19,750,513,1032,642,0.8465,0.3704,0.9439,1631,4,3,home,Arsenal,Win,2
2499719,1631,230,7,4,12,82,21,370,166,736,249,0.7217,0.5714,0.9237,1609,3,4,away,Leicester City,Loss,0
2499720,1625,754,12,3,9,44,4,842,682,1053,775,0.9045,0.25,0.9729,1651,2,0,away,Manchester City,Win,2
2499720,1651,184,6,2,6,61,27,259,124,553,196,0.6739,0.3333,0.9388,1625,0,2,home,Brighton & Hove Albion,Loss,0
2499721,1610,516,15,5,18,49,6,622,454,877,549,0.8798,0.3333,0.9399,1646,2,3,away,Chelsea,Loss,0
2499721,1646,296,9,5,11,70,21,409,245,688,316,0.8277,0.5556,0.9367,1610,3,2,home,Burnley,Win,2
2499722,1628,370,11,3,7,58,7,527,291,745,388,0.7865,0.2727,0.9536,1673,0,3,home,Crystal Palace,Loss,0
2499722,1673,273,8,6,19,117,25,390,194,768,300,0.7106,0.75,0.91,1628,3,0,away,Huddersfield Town,Win,2
2499723,1623,482,8,3,13,85,16,599,406,890,503,0.8423,0.375,0.9583,1639,1,0,away,Everton,Win,2
2499723,1639,267,10,1,10,59,17,418,205,759,287,0.7678,0.1,0.9303,1623,0,1,home,Stoke City,Loss,0
2499724,1611,463,21,5,19,70,7,623,404,855,503,0.8726,0.2381,0.9205,1633,4,0,home,Manchester United,Win,2
2499724,1633,362,7,1,7,95,16,483,306,802,376,0.8453,0.1429,0.9628,1611,0,4,away,West Ham United,Loss,0
2499725,1613,228,5,3,8,86,21,354,160,597,241,0.7018,0.6,0.9461,1624,0,2,home,Newcastle United,Loss,0
2499725,1624,692,17,7,9,69,13,827,630,1153,718,0.9104,0.4118,0.9638,1613,2,0,away,Tottenham Hotspur,Win,2
2499726,1619,507,25,2,11,58,6,611,427,846,543,0.8422,0.08,0.9337,10531,0,0,home,Southampton,Draw,1
2499726,10531,330,4,0,13,67,24,426,278,747,347,0.8424,0.0,0.951,1619,0,0,away,Swansea City,Draw,1
2499727,1612,447,12,4,10,78,14,584,360,878,469,0.8054,0.3333,0.9531,1644,3,3,home,Liverpool,Draw,1
2499727,1644,377,8,4,13,75,21,491,290,864,398,0.7692,0.5,0.9472,1612,3,3,away,Watford,Draw,1
2499728,1627,235,16,6,15,73,13,345,166,655,266,0.7064,0.375,0.8835,1659,1,0,away,West Bromwich Albion,Win,2
2499728,1659,596,8,2,4,50,10,714,534,939,608,0.896,0.25,0.9803,1627,0,1,home,AFC Bournemouth,Loss,0
2499729,1644,347,17,6,15,74,10,456,270,794,379,0.7781,0.3529,0.9156,1659,2,0,away,Watford,Win,2
2499729,1659,418,7,2,7,57,15,492,332,728,432,0.7943,0.2857,0.9676,1644,0,2,home,AFC Bournemouth,Loss,0
2499730,1627,188,6,1,11,38,25,265,131,598,205,0.6968,0.1667,0.9171,1646,1,0,away,West Bromwich Albion,Win,2
2499730,1646,468,17,1,11,54,5,555,393,802,496,0.8397,0.0588,0.9435,1627,0,1,home,Burnley,Loss,0
2499731,1613,375,11,5,10,55,15,472,287,817,396,0.7653,0.4545,0.947,1673,0,1,away,Newcastle United,Loss,0
2499731,1673,420,6,3,13,77,24,539,341,803,439,0.8119,0.5,0.9567,1613,1,0,home,Huddersfield Town,Win,2
2499732,1631,413,13,4,8,49,15,479,339,747,434,0.8208,0.3077,0.9516,1651,2,0,away,Leicester City,Win,2
2499732,1651,511,5,2,10,54,10,560,436,788,526,0.8532,0.4,0.9715,1631,0,2,home,Brighton & Hove Albion,Loss,0
2499733,1612,688,22,13,12,59,6,777,589,1039,722,0.8561,0.5909,0.9529,1628,1,0,away,Liverpool,Win,2
2499733,1628,250,3,1,14,62,25,336,182,652,267,0.728,0.3333,0.9363,1612,0,1,home,Crystal Palace,Loss,0
2499734,1623,276,7,2,11,70,20,358,200,707,294,0.7246,0.2857,0.9388,1625,1,1,away,Everton,Draw,1
2499734,1625,521,18,6,7,34,4,644,452,869,546,0.8676,0.3333,0.9542,1623,1,1,home,Manchester City,Draw,1
2499735,1609,713,18,6,11,50,7,805,627,1064,742,0.8794,0.3333,0.9609,1639,0,1,home,Arsenal,Loss,0
2499735,1639,181,9,4,6,73,25,287,128,589,196,0.7072,0.4444,0.9235,1609,1,0,away,Stoke City,Win,2
2499736,1611,571,16,8,11,69,19,700,506,939,598,0.8862,0.5,0.9548,10531,4,0,home,Manchester United,Win,2
2499736,10531,398,7,2,12,82,18,492,329,785,417,0.8266,0.2857,0.9544,1611,0,4,away,Swansea City,Loss,0
2499737,1610,249,7,2,21,92,29,365,190,705,277,0.7631,0.2857,0.8989,1624,2,1,home,Chelsea,Win,2
2499737,1624,569,17,6,14,52,8,688,486,944,600,0.8541,0.3529,0.9483,1610,1,2,away,Tottenham Hotspur,Loss,0
2499738,1619,385,8,0,18,85,9,481,301,849,411,0.7818,0.0,0.9367,1633,0,3,home,Southampton,Loss,0
2499738,1633,352,11,5,9,68,14,485,265,746,372,0.7528,0.4545,0.9462,1619,3,0,away,West Ham United,Win,2
2499739,1625,606,17,8,16,59,14,764,524,1030,639,0.8647,0.4706,0.9484,1659,2,1,away,Manchester City,Win,2
2499739,1659,223,9,3,14,70,21,328,162,663,246,0.7265,0.3333,0.9065,1625,1,2,home,AFC Bournemouth,Loss,0
2499740,1610,563,18,7,12,45,16,685,493,899,593,0.8757,0.3889,0.9494,1623,2,0,home,Chelsea,Win,2
2499740,1623,419,7,1,8,66,22,476,348,772,434,0.8305,0.1429,0.9654,1610,0,2,away,Everton,Loss,0
2499741,1628,480,15,3,9,51,8,588,416,812,504,0.8667,0.2,0.9524,10531,0,2,home,Crystal Palace,Loss,0
2499741,10531,438,6,4,7,54,14,532,369,828,451,0.8425,0.6667,0.9712,1628,2,0,away,Swansea City,Win,2
2499742,1619,486,6,3,9,74,15,557,378,926,501,0.7778,0.5,0.9701,1673,0,0,away,Southampton,Draw,1
2499742,1673,361,16,6,10,56,10,450,263,699,387,0.7285,0.375,0.9328,1619,0,0,home,Huddersfield Town,Draw,1
2499743,1609,510,8,0,10,73,14,588,432,892,528,0.8471,0.0,0.9659,1612,0,4,home,Arsenal,Loss,0
2499743,1612,476,19,10,6,47,16,565,401,786,501,0.8424,0.5263,0.9501,1609,4,0,away,Liverpool,Win,2
2499744,1611,655,18,6,9,43,13,771,587,1015,682,0.8962,0.3333,0.9604,1631,2,0,home,Manchester United,Win,2
2499744,1631,259,10,4,8,97,32,390,194,742,277,0.749,0.4,0.935,1611,0,2,away,Leicester City,Loss,0
2499745,1613,250,16,7,17,81,17,368,176,620,283,0.704,0.4375,0.8834,1633,3,0,home,Newcastle United,Win,2
2499745,1633,444,7,3,12,70,12,574,361,908,463,0.8131,0.4286,0.959,1613,0,3,away,West Ham United,Loss,0
2499746,1624,573,29,6,8,40,7,655,497,937,610,0.8674,0.2069,0.9393,1646,1,1,away,Tottenham Hotspur,Draw,1
2499746,1646,276,13,3,9,52,15,350,207,636,298,0.75,0.2308,0.9262,1624,1,1,home,Burnley,Draw,1
2499747,1644,283,8,0,7,48,17,428,230,712,298,0.8127,0.0,0.9497,1651,0,0,away,Watford,Draw,1
2499747,1651,432,14,2,19,63,12,530,370,777,465,0.8565,0.1429,0.929,1644,0,0,home,Brighton & Hove Albion,Draw,1
2499748,1627,307,10,2,10,66,11,434,242,731,327,0.7883,0.2,0.9388,1639,1,1,home,West Bromwich Albion,Draw,1
2499748,1639,425,15,3,10,63,20,562,382,827,450,0.8988,0.2,0.9444,1627,1,1,away,Stoke City,Draw,1
2499749,1609,573,15,8,14,71,13,665,467,933,602,0.815,0.5333,0.9518,1659,3,0,away,Arsenal,Win,2
2499749,1659,386,5,2,10,46,23,472,297,790,401,0.7694,0.4,0.9626,1609,0,3,home,AFC Bournemouth,Loss,0
2499750,1627,464,13,3,4,38,11,554,387,843,481,0.8341,0.2308,0.9647,1651,1,3,home,West Bromwich Albion,Loss,0
2499750,1651,431,12,6,9,68,20,488,362,731,452,0.8399,0.5,0.9535,1627,3,1,away,Brighton & Hove Albion,Win,2
2499751,1628,451,21,5,14,43,7,552,354,834,486,0.7849,0.2381,0.928,1646,0,1,away,Crystal Palace,Loss,0
2499751,1646,235,4,2,8,80,34,305,150,693,247,0.6383,0.5,0.9514,1628,1,0,home,Burnley,Win,2
2499752,1623,446,9,0,14,75,10,519,363,855,469,0.8139,0.0,0.951,1624,0,3,away,Everton,Loss,0
2499752,1624,455,15,6,13,56,17,566,387,837,483,0.8505,0.4,0.942,1623,3,0,home,Tottenham Hotspur,Win,2
2499753,1610,496,15,5,8,64,15,601,419,862,519,0.8448,0.3333,0.9557,1631,2,1,home,Chelsea,Win,2
2499753,1631,333,8,1,11,82,9,422,257,758,352,0.7718,0.125,0.946,1610,1,2,away,Leicester City,Loss,0
2499754,1612,357,4,2,9,43,15,401,278,636,370,0.7787,0.5,0.9649,1625,0,5,home,Liverpool,Loss,0
2499754,1625,717,13,10,10,53,13,795,648,1059,740,0.9038,0.7692,0.9689,1612,5,0,away,Manchester City,Win,2
2499755,1619,393,9,1,8,81,15,541,307,927,410,0.7812,0.1111,0.9585,1644,0,2,away,Southampton,Loss,0
2499755,1644,357,13,3,10,80,25,497,290,781,380,0.8123,0.2308,0.9395,1619,2,0,home,Watford,Win,2
2499756,1611,558,17,9,10,50,4,643,478,867,585,0.8566,0.5294,0.9538,1639,2,2,home,Manchester United,Draw,1
2499756,1639,308,9,5,10,69,14,390,245,680,327,0.7955,0.5556,0.9419,1611,2,2,away,Stoke City,Draw,1
2499757,1613,326,15,8,15,80,8,422,255,774,356,0.7822,0.5333,0.9157,10531,1,0,home,Newcastle United,Win,2
2499757,10531,515,8,5,11,43,9,611,426,847,534,0.8272,0.625,0.9644,1613,0,1,away,Swansea City,Loss,0
2499758,1633,288,13,2,11,56,14,408,219,653,312,0.7604,0.1538,0.9231,1673,2,0,away,West Ham United,Win,2
2499758,1673,405,10,2,14,62,19,515,333,872,429,0.8222,0.2,0.9441,1633,0,2,home,Huddersfield Town,Loss,0
2499759,1651,364,8,3,12,72,10,445,294,751,384,0.8077,0.375,0.9479,1659,1,2,away,Brighton & Hove Albion,Loss,0
2499759,1659,621,13,3,5,48,11,721,555,944,639,0.8937,0.2308,0.9718,1651,2,1,home,AFC Bournemouth,Win,2
2499760,1609,493,10,2,15,95,15,587,411,935,518,0.8337,0.2,0.9517,1610,0,0,home,Arsenal,Draw,1
2499760,1610,496,13,4,12,45,16,590,405,829,521,0.8165,0.3077,0.952,1609,0,0,away,Chelsea,Draw,1
2499761,1619,476,12,4,14,89,20,605,398,967,502,0.8361,0.3333,0.9482,1628,1,0,away,Southampton,Win,2
2499761,1628,386,10,3,15,84,17,539,317,796,411,0.8212,0.3,0.9392,1619,0,1,home,Crystal Palace,Loss,0
2499762,1631,323,7,1,6,54,21,430,249,785,336,0.7709,0.1429,0.9613,1673,1,1,away,Leicester City,Draw,1
2499762,1673,505,12,3,6,47,16,578,414,831,523,0.8198,0.25,0.9656,1631,1,1,home,Huddersfield Town,Draw,1
2499763,1612,650,35,10,8,29,5,756,556,1042,693,0.8554,0.2857,0.938,1646,1,1,away,Liverpool,Draw,1
2499763,1646,245,6,4,11,79,30,301,181,653,262,0.7388,0.6667,0.9351,1612,1,1,home,Burnley,Draw,1
2499764,1611,468,12,5,15,61,10,575,399,806,495,0.8526,0.4167,0.9455,1623,4,0,home,Manchester United,Win,2
2499764,1623,469,6,3,13,72,23,552,399,862,488,0.8507,0.5,0.9611,1611,0,4,away,Everton,Loss,0
2499765,1613,266,14,3,13,71,22,358,191,738,293,0.718,0.2143,0.9078,1639,2,1,home,Newcastle United,Win,2
2499765,1639,383,11,4,11,53,11,497,296,764,405,0.7728,0.3636,0.9457,1613,1,2,away,Stoke City,Loss,0
2499766,1624,753,23,7,11,48,8,833,672,1080,787,0.8924,0.3043,0.9568,10531,0,0,away,Tottenham Hotspur,Draw,1
2499766,10531,220,3,0,11,65,28,292,156,608,234,0.7091,0.0,0.9402,1624,0,0,home,Swansea City,Draw,1
2499767,1625,631,25,9,6,67,10,762,573,975,662,0.9081,0.36,0.9532,1644,6,0,away,Manchester City,Win,2
2499767,1644,298,7,1,8,63,13,377,237,661,313,0.7953,0.1429,0.9521,1625,0,6,home,Watford,Loss,0
2499768,1627,275,7,2,15,56,8,354,220,638,297,0.8,0.2857,0.9259,1633,0,0,home,West Bromwich Albion,Draw,1
2499768,1633,470,8,1,8,40,4,547,401,749,486,0.8532,0.125,0.9671,1627,0,0,away,West Ham United,Draw,1
2499769,1609,585,12,4,9,63,11,735,522,941,606,0.8923,0.3333,0.9653,1627,2,0,away,Arsenal,Win,2
2499769,1627,252,6,2,17,78,15,374,200,669,275,0.7937,0.3333,0.9164,1609,0,2,home,West Bromwich Albion,Loss,0
2499770,1613,444,12,4,8,47,16,545,377,793,464,0.8491,0.3333,0.9569,1651,0,1,away,Newcastle United,Loss,0
2499770,1651,424,6,3,6,58,24,516,343,839,436,0.809,0.5,0.9725,1613,1,0,home,Brighton & Hove Albion,Win,2
2499771,1646,428,5,3,9,56,12,519,345,862,442,0.8061,0.6,0.9683,1673,0,0,home,Burnley,Draw,1
2499771,1673,411,8,2,14,72,18,516,326,772,433,0.7932,0.25,0.9492,1646,0,0,away,Huddersfield Town,Draw,1
2499772,1623,414,15,4,12,101,6,537,339,869,441,0.8188,0.2667,0.9388,1659,2,1,away,Everton,Win,2
2499772,1659,398,8,4,11,73,11,533,321,817,417,0.8065,0.5,0.9544,1623,1,2,home,AFC Bournemouth,Loss,0
2499773,1612,440,22,5,14,82,27,579,353,988,476,0.8023,0.2273,0.9244,1631,3,2,home,Liverpool,Win,2
2499773,1631,332,9,6,13,79,14,473,249,782,354,0.75,0.6667,0.9379,1612,2,3,away,Leicester City,Loss,0
2499774,1625,715,23,9,7,53,2,810,644,1035,745,0.9007,0.3913,0.9597,1628,5,0,away,Manchester City,Win,2
2499774,1628,260,6,0,7,81,14,340,200,640,273,0.7692,0.0,0.9524,1625,0,5,home,Crystal Palace,Loss,0
2499775,1611,348,7,4,11,60,22,479,283,792,366,0.8132,0.5714,0.9508,1619,1,0,home,Manchester United,Win,2
2499775,1619,542,13,4,11,67,8,639,457,888,566,0.8432,0.3077,0.9576,1611,0,1,away,Southampton,Loss,0
2499776,1610,515,5,4,14,84,17,622,442,892,534,0.8583,0.8,0.9644,1639,4,0,home,Chelsea,Win,2
2499776,1639,399,11,2,5,79,6,494,322,762,415,0.807,0.1818,0.9614,1610,0,4,away,Stoke City,Loss,0
2499777,1644,402,8,4,17,60,32,548,346,791,427,0.8607,0.5,0.9415,10531,2,1,home,Watford,Win,2
2499777,10531,415,8,3,8,80,7,547,336,856,431,0.8096,0.375,0.9629,1644,1,2,away,Swansea City,Loss,0
2499778,1624,383,13,5,22,91,13,496,300,822,418,0.7833,0.3846,0.9163,1633,3,2,home,Tottenham Hotspur,Win,2
2499778,1633,350,10,4,11,64,14,494,266,850,371,0.76,0.4,0.9434,1624,2,3,away,West Ham United,Loss,0
2499779,1631,314,7,1,10,98,21,401,230,782,331,0.7325,0.1429,0.9486,1659,0,0,away,Leicester City,Draw,1
2499779,1659,514,19,4,6,59,21,662,432,962,539,0.8405,0.2105,0.9536,1631,0,0,home,AFC Bournemouth,Draw,1
2499780,1609,675,22,10,7,63,10,764,604,1010,704,0.8948,0.4545,0.9588,1651,2,0,home,Arsenal,Win,2
2499780,1651,344,9,1,9,53,18,445,278,762,362,0.8081,0.1111,0.9503,1609,0,2,away,Brighton & Hove Albion,Loss,0
2499781,1610,390,4,2,8,67,20,483,315,791,402,0.8077,0.5,0.9701,1625,0,1,home,Chelsea,Loss,0
2499781,1625,635,14,4,13,68,15,753,573,1019,662,0.9024,0.2857,0.9592,1610,1,0,away,Manchester City,Win,2
2499782,1623,501,24,4,14,51,10,604,410,993,539,0.8184,0.1667,0.9295,1646,0,1,away,Everton,Loss,0
2499782,1646,281,4,2,8,67,27,385,205,682,293,0.7295,0.5,0.959,1623,1,0,home,Burnley,Win,2
2499783,1624,540,13,7,4,86,17,701,445,1000,557,0.8241,0.5385,0.9695,1673,4,0,away,Tottenham Hotspur,Win,2
2499783,1673,366,6,1,7,135,14,523,279,907,379,0.7623,0.1667,0.9657,1624,0,4,home,Huddersfield Town,Loss,0
2499784,1611,550,16,7,6,75,14,679,479,922,572,0.8709,0.4375,0.9615,1628,4,0,away,Manchester United,Win,2
2499784,1628,366,7,1,9,76,11,482,303,816,382,0.8279,0.1429,0.9581,1611,0,4,home,Crystal Palace,Loss,0
2499785,1612,599,16,2,6,48,8,724,525,1027,621,0.8765,0.125,0.9646,1613,1,1,home,Liverpool,Draw,1
2499785,1613,274,8,5,12,81,17,378,205,667,294,0.7482,0.625,0.932,1612,1,1,away,Newcastle United,Draw,1
2499786,1619,603,20,3,10,50,12,720,526,963,633,0.8723,0.15,0.9526,1639,1,2,home,Southampton,Loss,0
2499786,1639,229,14,6,11,65,26,343,177,666,254,0.7729,0.4286,0.9016,1619,2,1,away,Stoke City,Win,2
2499787,1627,262,8,4,12,86,17,386,197,705,282,0.7519,0.5,0.9291,1644,2,2,home,West Bromwich Albion,Draw,1
2499787,1644,525,14,3,12,68,11,652,457,938,551,0.8705,0.2143,0.9528,1627,2,2,away,Watford,Draw,1
2499788,1633,382,6,3,14,91,4,512,301,836,402,0.788,0.5,0.9502,10531,1,0,away,West Ham United,Win,2
2499788,10531,488,5,1,13,87,7,620,416,868,506,0.8525,0.2,0.9644,1633,0,1,home,Swansea City,Loss,0
2499789,1623,424,11,5,10,67,13,562,343,879,445,0.809,0.4545,0.9528,1651,1,1,away,Everton,Draw,1
2499789,1651,379,11,3,13,93,11,499,298,805,403,0.7863,0.2727,0.9404,1623,1,1,home,Brighton & Hove Albion,Draw,1
2499790,1633,232,7,6,15,52,17,337,183,645,254,0.7888,0.8571,0.9134,1646,1,1,away,West Ham United,Draw,1
2499790,1646,425,17,4,12,57,6,543,358,764,454,0.8424,0.2353,0.9361,1633,1,1,home,Burnley,Draw,1
2499791,1610,542,14,5,7,94,19,655,442,960,563,0.8155,0.3571,0.9627,1628,1,2,away,Chelsea,Loss,0
2499791,1628,411,12,4,7,93,14,522,320,877,430,0.7786,0.3333,0.9558,1610,2,1,home,Crystal Palace,Win,2
2499792,1627,313,3,0,6,58,25,421,242,750,322,0.7732,0.0,0.972,1631,1,1,home,West Bromwich Albion,Draw,1
2499792,1631,477,8,3,13,69,8,563,376,832,498,0.7883,0.375,0.9578,1627,1,1,away,Leicester City,Draw,1
2499793,1611,328,6,1,13,100,15,443,263,804,347,0.8018,0.1667,0.9452,1612,0,0,away,Manchester United,Draw,1
2499793,1612,580,18,5,7,70,14,749,504,1003,605,0.869,0.2778,0.9587,1611,0,0,home,Liverpool,Draw,1
2499794,1625,869,16,11,4,45,3,948,800,1130,889,0.9206,0.6875,0.9775,1639,7,2,home,Manchester City,Win,2
2499794,1639,191,6,1,8,45,11,265,157,511,205,0.822,0.1667,0.9317,1625,2,7,away,Stoke City,Loss,0
2499795,1613,347,18,6,12,77,8,455,279,797,377,0.804,0.3333,0.9204,1619,2,2,home,Newcastle United,Draw,1
2499795,1619,568,11,1,12,63,18,701,487,964,591,0.8574,0.0909,0.9611,1613,2,2,away,Southampton,Draw,1
2499796,1673,526,7,2,16,76,14,657,456,901,549,0.8669,0.2857,0.9581,10531,0,2,home,Huddersfield Town,Loss,0
2499796,10531,331,6,4,12,85,15,457,273,768,349,0.8248,0.6667,0.9484,1673,2,0,away,Swansea City,Win,2
2499797,1624,667,19,6,9,60,11,794,598,1043,695,0.8966,0.3158,0.9597,1659,1,0,away,Tottenham Hotspur,Win,2
2499797,1659,225,4,1,7,59,20,340,175,634,236,0.7778,0.25,0.9534,1624,0,1,home,AFC Bournemouth,Loss,0
2499798,1609,521,9,6,10,72,19,633,446,877,540,0.856,0.6667,0.9648,1644,1,2,home,Arsenal,Loss,0
2499798,1644,455,11,1,9,64,15,573,385,886,475,0.8462,0.0909,0.9579,1609,2,1,away,Watford,Win,2
2499799,1610,432,13,7,13,81,18,593,358,845,458,0.8287,0.5385,0.9432,1644,4,2,away,Chelsea,Win,2
2499799,1644,380,14,4,18,82,15,500,321,848,412,0.8447,0.2857,0.9223,1610,2,4,home,Watford,Loss,0
2499800,1609,603,26,12,15,57,11,720,514,985,644,0.8524,0.4615,0.9363,1623,5,2,home,Arsenal,Win,2
2499800,1623,267,7,3,15,74,19,354,194,694,289,0.7266,0.4286,0.9239,1609,2,5,away,Everton,Loss,0
2499801,1611,739,9,3,13,65,4,851,645,1137,761,0.8728,0.3333,0.9711,1673,1,2,away,Manchester United,Loss,0
2499801,1673,194,5,3,13,94,35,326,124,664,212,0.6392,0.6,0.9151,1611,2,1,home,Huddersfield Town,Win,2
2499802,1625,784,14,9,11,41,9,876,717,1088,809,0.9145,0.6429,0.9691,1646,3,0,away,Manchester City,Win,2
2499802,1646,212,5,0,8,65,9,284,157,553,225,0.7406,0.0,0.9422,1625,0,3,home,Burnley,Loss,0
2499803,1613,417,7,3,13,74,32,517,345,855,437,0.8273,0.4286,0.9542,1628,1,0,away,Newcastle United,Win,2
2499803,1628,344,7,0,15,59,18,442,261,693,366,0.7587,0.0,0.9399,1613,0,1,home,Crystal Palace,Loss,0
2499804,1619,591,19,6,10,69,10,686,494,965,620,0.8359,0.3158,0.9532,1627,1,0,away,Southampton,Win,2
2499804,1627,269,6,2,8,71,26,371,199,696,283,0.7398,0.3333,0.9505,1619,0,1,home,West Bromwich Albion,Loss,0
2499805,1639,397,13,4,17,64,9,494,297,767,427,0.7481,0.3077,0.9297,1659,1,2,away,Stoke City,Loss,0
2499805,1659,349,5,2,10,68,23,440,268,825,364,0.7679,0.4,0.9588,1639,2,1,home,AFC Bournemouth,Win,2
2499806,1631,365,11,7,9,75,17,458,284,805,385,0.7781,0.6364,0.9481,10531,2,1,away,Leicester City,Win,2
2499806,10531,466,19,4,6,60,12,590,396,846,491,0.8498,0.2105,0.9491,1631,1,2,home,Swansea City,Loss,0
2499807,1612,620,12,7,8,78,8,718,539,1031,640,0.8694,0.5833,0.9688,1624,1,4,home,Liverpool,Loss,0
2499807,1624,330,12,6,2,78,23,458,265,684,344,0.803,0.5,0.9593,1612,4,1,away,Tottenham Hotspur,Win,2
2499808,1633,593,14,2,5,45,5,703,500,932,612,0.8432,0.1429,0.969,1651,0,3,away,West Ham United,Loss,0
2499808,1651,323,6,4,12,78,28,422,258,749,341,0.7988,0.6667,0.9472,1633,3,0,home,Brighton & Hove Albion,Win,2
2499809,1610,645,17,5,5,76,9,744,564,972,667,0.8744,0.2941,0.967,1659,1,0,away,Chelsea,Win,2
2499809,1659,451,6,1,6,55,15,552,393,862,463,0.8714,0.1667,0.9741,1610,0,1,home,AFC Bournemouth,Loss,0
2499810,1609,777,18,6,9,59,10,853,697,1067,804,0.897,0.3333,0.9664,10531,2,1,home,Arsenal,Win,2
2499810,10531,276,5,2,9,39,17,357,217,634,290,0.7862,0.4,0.9517,1609,1,2,away,Swansea City,Loss,0
2499811,1619,438,6,1,11,73,11,531,357,862,455,0.8151,0.1667,0.9626,1651,1,1,away,Southampton,Draw,1
2499811,1651,483,8,2,10,63,8,574,402,812,501,0.8323,0.25,0.9641,1619,1,1,home,Brighton & Hove Albion,Draw,1
2499812,1613,484,12,5,10,55,20,605,406,932,506,0.8388,0.4167,0.9565,1646,0,1,away,Newcastle United,Loss,0
2499812,1646,445,10,4,8,61,8,548,357,814,463,0.8022,0.4,0.9611,1613,1,0,home,Burnley,Win,2
2499813,1628,387,15,6,18,77,13,531,307,773,420,0.7933,0.4,0.9214,1633,2,2,home,Crystal Palace,Draw,1
2499813,1633,305,4,2,15,91,14,421,222,760,324,0.7279,0.5,0.9414,1628,2,2,away,West Ham United,Draw,1
2499814,1623,456,13,2,11,80,8,612,388,976,480,0.8509,0.1538,0.95,1631,0,2,away,Everton,Loss,0
2499814,1631,298,7,3,6,69,25,466,225,730,311,0.755,0.4286,0.9582,1623,2,0,home,Leicester City,Win,2
2499815,1612,752,14,7,10,54,8,865,665,1112,776,0.8843,0.5,0.9691,1673,3,0,away,Liverpool,Win,2
2499815,1673,236,0,0,8,93,26,333,162,682,244,0.6864,,0.9672,1612,0,3,home,Huddersfield Town,Loss,0
2499816,1611,375,11,3,11,59,20,508,279,788,397,0.744,0.2727,0.9446,1624,1,0,home,Manchester United,Win,2
2499816,1624,492,13,4,14,89,15,595,398,993,519,0.8089,0.3077,0.948,1611,0,1,away,Tottenham Hotspur,Loss,0
2499817,1639,236,5,2,12,77,10,362,166,686,253,0.7034,0.4,0.9328,1644,1,0,away,Stoke City,Win,2
2499817,1644,529,14,0,12,65,9,657,459,924,555,0.8677,0.0,0.9532,1639,0,1,home,Watford,Loss,0
2499818,1625,918,14,5,8,67,9,1026,840,1284,940,0.915,0.3571,0.9766,1627,3,2,away,Manchester City,Win,2
2499818,1627,236,7,4,11,78,15,319,159,611,254,0.6737,0.5714,0.9291,1625,2,3,home,West Bromwich Albion,Loss,0
2499819,1610,432,17,7,16,92,16,625,369,888,465,0.8542,0.4118,0.929,1611,1,0,away,Chelsea,Win,2
2499819,1611,364,9,2,21,106,8,515,296,894,394,0.8132,0.2222,0.9239,1610,0,1,home,Manchester United,Loss,0
2499820,1623,285,8,4,13,94,13,408,214,798,306,0.7509,0.5,0.9314,1644,3,2,away,Everton,Win,2
2499820,1644,442,10,3,12,61,8,607,346,895,464,0.7828,0.3,0.9526,1623,2,3,home,Watford,Loss,0
2499821,1627,399,9,3,15,59,14,542,328,783,423,0.8221,0.3333,0.9433,1673,0,1,home,West Bromwich Albion,Loss,0
2499821,1673,395,6,3,9,102,22,537,326,882,410,0.8253,0.5,0.9634,1627,1,0,away,Huddersfield Town,Win,2
2499822,1609,431,5,3,17,81,11,532,360,816,453,0.8353,0.6,0.9514,1625,1,3,home,Arsenal,Loss,0
2499822,1625,607,8,4,17,75,20,716,536,949,632,0.883,0.5,0.9604,1609,3,1,away,Manchester City,Win,2
2499823,1613,351,17,4,13,67,20,473,276,831,381,0.7863,0.2353,0.9213,1659,0,1,away,Newcastle United,Loss,0
2499823,1659,362,16,6,12,43,15,499,289,762,390,0.7983,0.375,0.9282,1613,1,0,home,AFC Bournemouth,Win,2
2499824,1619,564,14,3,4,58,11,650,478,903,582,0.8475,0.2143,0.9691,1646,0,1,away,Southampton,Loss,0
2499824,1646,322,5,1,4,60,19,414,244,739,331,0.7578,0.2,0.9728,1619,1,0,home,Burnley,Win,2
2499825,1631,402,12,4,8,75,14,502,327,847,422,0.8134,0.3333,0.9526,1639,2,2,away,Leicester City,Draw,1
2499825,1639,342,11,7,12,54,23,463,273,717,365,0.7982,0.6364,0.937,1631,2,2,home,Stoke City,Draw,1
2499826,1651,334,5,2,12,77,23,452,263,703,351,0.7874,0.4,0.9516,10531,1,0,home,Brighton & Hove Albion,Win,2
2499826,10531,441,7,1,14,50,17,583,378,905,462,0.8571,0.1429,0.9545,1651,0,1,away,Swansea City,Loss,0
2499827,1624,575,11,2,6,75,20,708,491,991,592,0.8539,0.1818,0.9713,1628,1,0,away,Tottenham Hotspur,Win,2
2499827,1628,266,11,3,7,79,10,384,195,720,284,0.7331,0.2727,0.9366,1624,0,1,home,Crystal Palace,Loss,0
2499828,1612,446,14,7,13,105,10,588,368,844,473,0.8251,0.5,0.9429,1633,4,1,home,Liverpool,Win,2
2499828,1633,409,6,1,10,73,11,539,344,880,425,0.8411,0.1667,0.9624,1612,1,4,away,West Ham United,Loss,0
2499829,1659,223,9,5,14,73,30,334,159,694,246,0.713,0.5556,0.9065,1673,4,0,home,AFC Bournemouth,Win,2
2499829,1673,524,17,3,10,65,13,671,443,955,551,0.8454,0.1765,0.951,1659,0,4,away,Huddersfield Town,Loss,0
2499830,1609,369,13,5,14,90,30,456,285,759,396,0.7724,0.3846,0.9318,1624,2,0,home,Arsenal,Win,2
2499830,1624,532,12,4,17,59,17,643,431,989,561,0.8102,0.3333,0.9483,1609,0,2,away,Tottenham Hotspur,Loss,0
2499831,1639,367,13,6,6,62,18,487,301,779,386,0.8202,0.4615,0.9508,1651,2,2,away,Stoke City,Draw,1
2499831,1651,451,8,3,13,70,7,506,361,787,472,0.8004,0.375,0.9555,1639,2,2,home,Brighton & Hove Albion,Draw,1
2499832,1646,275,15,7,11,106,18,411,212,757,301,0.7709,0.4667,0.9136,10531,2,0,home,Burnley,Win,2
2499832,10531,452,10,1,12,49,17,608,367,880,474,0.8119,0.1,0.9536,1646,0,2,away,Swansea City,Loss,0
2499833,1623,240,7,4,26,115,28,347,166,723,273,0.6917,0.5714,0.8791,1628,2,2,away,Everton,Draw,1
2499833,1628,510,14,7,9,55,9,665,422,919,533,0.8275,0.5,0.9568,1623,2,2,home,Crystal Palace,Draw,1
2499834,1625,761,14,6,10,42,17,845,698,1064,785,0.9172,0.4286,0.9694,1631,2,0,home,Manchester City,Win,2
2499834,1631,226,2,0,8,60,23,306,166,608,236,0.7345,0.0,0.9576,1625,0,2,away,Leicester City,Loss,0
2499835,1612,546,18,7,15,56,15,670,463,923,579,0.848,0.3889,0.943,1619,3,0,home,Liverpool,Win,2
2499835,1619,347,3,0,9,107,16,430,249,787,359,0.7176,0.0,0.9666,1612,0,3,away,Southampton,Loss,0
2499836,1611,623,16,7,11,49,9,728,530,960,650,0.8507,0.4375,0.9585,1613,4,1,home,Manchester United,Win,2
2499836,1613,314,12,5,9,83,35,424,259,744,335,0.8248,0.4167,0.9373,1611,1,4,away,Newcastle United,Loss,0
2499837,1633,417,9,6,10,81,8,556,341,868,436,0.8177,0.6667,0.9564,1644,0,2,away,West Ham United,Loss,0
2499837,1644,596,15,5,13,66,9,729,528,983,624,0.8859,0.3333,0.9551,1633,2,0,home,Watford,Win,2
2499838,1610,592,10,6,12,91,11,735,526,990,614,0.8885,0.6,0.9642,1627,4,0,away,Chelsea,Win,2
2499838,1627,345,6,1,13,86,13,497,285,801,364,0.8261,0.1667,0.9478,1610,0,4,home,West Bromwich Albion,Loss,0
2499839,1609,617,17,1,15,60,10,687,531,988,649,0.8606,0.0588,0.9507,1646,1,0,away,Arsenal,Win,2
2499839,1646,323,6,2,9,66,28,420,264,736,338,0.8173,0.3333,0.9556,1609,0,1,home,Burnley,Loss,0
2499840,1628,472,9,4,9,89,18,559,376,933,490,0.7966,0.4444,0.9633,1639,2,1,home,Crystal Palace,Win,2
2499840,1639,406,7,3,5,79,20,513,313,757,418,0.7709,0.4286,0.9713,1628,1,2,away,Stoke City,Loss,0
2499841,1625,715,11,4,11,48,8,790,641,1063,737,0.8965,0.3636,0.9701,1673,2,1,away,Manchester City,Win,2
2499841,1673,140,4,0,11,62,22,238,91,530,155,0.65,0.0,0.9032,1625,1,2,home,Huddersfield Town,Loss,0
2499842,1610,494,9,3,7,102,8,625,403,977,510,0.8158,0.3333,0.9686,1612,1,1,away,Chelsea,Draw,1
2499842,1612,577,14,4,10,88,20,703,508,1002,601,0.8804,0.2857,0.9601,1610,1,1,home,Liverpool,Draw,1
2499843,1611,560,12,3,9,51,8,651,466,909,581,0.8321,0.25,0.9639,1651,1,0,away,Manchester United,Win,2
2499843,1651,394,7,2,11,98,31,496,330,858,412,0.8376,0.2857,0.9563,1611,0,1,home,Brighton & Hove Albion,Loss,0
2499844,1613,457,12,2,8,64,12,588,373,883,477,0.8162,0.1667,0.9581,1644,0,3,away,Newcastle United,Loss,0
2499844,1644,410,13,5,12,90,26,526,320,885,435,0.7805,0.3846,0.9425,1613,3,0,home,Watford,Win,2
2499845,1619,657,15,5,6,55,9,780,567,1060,678,0.863,0.3333,0.969,1623,4,1,home,Southampton,Win,2
2499845,1623,303,5,2,13,78,12,408,246,742,321,0.8119,0.4,0.9439,1619,1,4,away,Everton,Loss,0
2499846,1659,465,8,4,7,53,7,572,384,822,480,0.8258,0.5,0.9688,10531,0,0,home,AFC Bournemouth,Draw,1
2499846,10531,430,9,1,20,78,15,502,354,845,459,0.8233,0.1111,0.9368,1659,0,0,away,Swansea City,Draw,1
2499847,1624,675,24,5,10,65,6,840,595,1095,709,0.8815,0.2083,0.952,1627,1,1,away,Tottenham Hotspur,Draw,1
2499847,1627,249,5,2,15,103,28,361,185,721,269,0.743,0.4,0.9257,1624,1,1,home,West Bromwich Albion,Draw,1
2499848,1631,381,7,2,13,107,18,511,307,869,401,0.8058,0.2857,0.9501,1633,1,1,home,Leicester City,Draw,1
2499848,1633,356,7,3,9,77,6,513,278,755,372,0.7809,0.4286,0.957,1631,1,1,away,West Ham United,Draw,1
2499849,1646,334,10,4,12,85,17,415,254,776,356,0.7605,0.4,0.9382,1659,2,1,home,Burnley,Win,2
2499849,1659,570,8,1,9,46,7,671,471,942,587,0.8263,0.125,0.971,1646,1,2,away,AFC Bournemouth,Loss,0
2499850,1609,795,18,7,10,80,9,906,714,1151,823,0.8981,0.3889,0.966,1673,5,0,home,Arsenal,Win,2
2499850,1673,316,7,2,12,79,24,434,265,748,335,0.8386,0.2857,0.9433,1609,0,5,away,Huddersfield Town,Loss,0
2499851,1628,368,10,3,7,55,21,516,307,851,385,0.8342,0.3,0.9558,1651,0,0,home,Crystal Palace,Draw,1
2499851,1651,451,9,4,14,86,7,572,349,861,474,0.7738,0.4444,0.9515,1628,0,0,away,Brighton & Hove Albion,Draw,1
2499852,1624,546,17,4,9,65,11,659,459,974,572,0.8407,0.2353,0.9545,1631,1,2,away,Tottenham Hotspur,Loss,0
2499852,1631,311,8,4,8,87,43,432,239,796,327,0.7685,0.5,0.9511,1624,2,1,home,Leicester City,Win,2
2499853,1611,326,14,6,11,84,17,475,266,805,351,0.816,0.4286,0.9288,1644,4,2,away,Manchester United,Win,2
2499853,1644,489,11,2,12,84,7,614,416,863,512,0.8507,0.1818,0.9551,1611,2,4,home,Watford,Loss,0
2499854,1613,425,10,4,12,96,10,600,354,947,447,0.8329,0.4,0.9508,1627,2,2,away,Newcastle United,Draw,1
2499854,1627,373,6,4,13,77,21,529,299,793,392,0.8016,0.6667,0.9515,1613,2,2,home,West Bromwich Albion,Draw,1
2499855,1610,585,23,10,10,74,6,694,494,947,618,0.8444,0.4348,0.9466,10531,1,0,home,Chelsea,Win,2
2499855,10531,374,3,1,7,74,35,467,306,809,384,0.8182,0.3333,0.974,1610,0,1,away,Swansea City,Loss,0
2499856,1623,412,6,4,17,104,23,548,343,891,435,0.8325,0.6667,0.9471,1633,4,0,home,Everton,Win,2
2499856,1633,486,5,1,6,59,9,633,403,884,497,0.8292,0.2,0.9779,1623,0,4,away,West Ham United,Loss,0
2499857,1619,231,7,2,11,81,33,329,161,675,249,0.697,0.2857,0.9277,1625,1,2,away,Southampton,Loss,0
2499857,1625,757,26,11,12,44,5,882,671,1202,795,0.8864,0.4231,0.9522,1619,2,1,home,Manchester City,Win,2
2499858,1612,538,13,6,11,64,13,665,454,959,562,0.8439,0.4615,0.9573,1639,3,0,home,Liverpool,Win,2
2499858,1639,324,9,1,8,62,11,463,251,798,341,0.7747,0.1111,0.9501,1612,0,3,away,Stoke City,Loss,0
2499859,1619,451,14,3,12,89,18,575,381,843,477,0.8448,0.2143,0.9455,1659,1,1,away,Southampton,Draw,1
2499859,1659,401,15,5,8,73,21,540,334,899,424,0.8329,0.3333,0.9458,1619,1,1,home,AFC Bournemouth,Draw,1
2499860,1609,652,29,14,10,68,3,768,561,1036,691,0.8604,0.4828,0.9436,1611,1,3,home,Arsenal,Loss,0
2499860,1611,184,8,5,10,83,49,354,146,661,202,0.7935,0.625,0.9109,1609,3,1,away,Manchester United,Win,2
2499861,1612,665,10,6,7,52,9,738,587,952,682,0.8827,0.6,0.9751,1651,5,1,away,Liverpool,Win,2
2499861,1651,472,5,1,8,53,13,536,400,808,485,0.8475,0.2,0.9732,1612,1,5,home,Brighton & Hove Albion,Loss,0
2499862,1610,729,19,7,8,58,3,835,634,1082,756,0.8697,0.3684,0.9643,1613,3,1,away,Chelsea,Win,2
2499862,1613,364,8,2,13,87,26,440,296,779,385,0.8132,0.25,0.9455,1610,1,3,home,Newcastle United,Loss,0
2499863,1623,346,6,4,12,79,21,506,271,875,364,0.7832,0.6667,0.9505,1673,2,0,away,Everton,Win,2
2499863,1673,378,4,2,9,73,22,553,294,817,391,0.7778,0.5,0.9668,1623,0,2,home,Huddersfield Town,Loss,0
2499864,1631,381,15,4,3,52,14,531,301,782,399,0.79,0.2667,0.9549,1646,1,0,away,Leicester City,Win,2
2499864,1646,374,13,4,11,74,19,473,300,854,398,0.8021,0.3077,0.9397,1631,0,1,home,Burnley,Loss,0
2499865,1625,719,21,7,6,76,5,844,636,1123,746,0.8846,0.3333,0.9638,1633,2,1,home,Manchester City,Win,2
2499865,1633,209,7,4,7,80,30,352,166,667,223,0.7943,0.5714,0.9372,1625,1,2,away,West Ham United,Loss,0
2499866,1639,360,9,2,13,67,19,497,293,812,382,0.8139,0.2222,0.9424,10531,2,1,away,Stoke City,Win,2
2499866,10531,466,8,3,10,77,12,582,383,849,484,0.8219,0.375,0.9628,1639,1,2,home,Swansea City,Loss,0
2499867,1624,400,6,1,8,74,22,540,322,807,414,0.805,0.1667,0.9662,1644,1,1,away,Tottenham Hotspur,Draw,1
2499867,1644,377,7,2,18,81,14,490,308,830,402,0.817,0.2857,0.9378,1624,1,1,home,Watford,Draw,1
2499868,1627,368,20,5,11,72,18,519,285,796,399,0.7745,0.25,0.9223,1628,0,0,away,West Bromwich Albion,Draw,1
2499868,1628,346,10,3,10,83,22,488,272,870,366,0.7861,0.3,0.9454,1627,0,0,home,Crystal Palace,Draw,1
2499869,1644,384,11,2,12,74,7,528,306,884,407,0.7969,0.1818,0.9435,1646,0,1,away,Watford,Loss,0
2499869,1646,352,8,5,10,62,12,492,260,767,370,0.7386,0.625,0.9514,1644,1,0,home,Burnley,Win,2
2499870,1628,320,18,6,15,72,14,488,255,828,353,0.7969,0.3333,0.9065,1659,2,2,away,Crystal Palace,Draw,1
2499870,1659,410,11,5,14,87,30,526,329,830,435,0.8024,0.4545,0.9425,1628,2,2,home,AFC Bournemouth,Draw,1
2499871,1651,359,7,2,9,71,19,469,278,838,375,0.7744,0.2857,0.9573,1673,0,2,away,Brighton & Hove Albion,Loss,0
2499871,1673,501,18,6,6,74,17,625,402,910,525,0.8024,0.3333,0.9543,1651,2,0,home,Huddersfield Town,Win,2
2499872,1612,728,24,2,8,41,3,867,642,1126,760,0.8819,0.0833,0.9579,1623,1,1,home,Liverpool,Draw,1
2499872,1623,159,1,1,11,97,32,241,94,606,171,0.5912,1.0,0.9298,1612,1,1,away,Everton,Draw,1
2499873,1611,299,7,5,17,103,11,413,232,752,323,0.7759,0.7143,0.9257,1625,1,2,home,Manchester United,Loss,0
2499873,1625,568,14,7,12,64,9,707,491,962,594,0.8644,0.5,0.9562,1611,2,1,away,Manchester City,Win,2
2499874,1613,286,9,3,10,86,14,411,226,661,305,0.7902,0.3333,0.9377,1631,2,3,home,Newcastle United,Loss,0
2499874,1631,526,12,4,9,64,6,657,442,962,547,0.8403,0.3333,0.9616,1613,3,2,away,Leicester City,Win,2
2499875,1609,742,9,4,10,61,6,835,665,1073,761,0.8962,0.4444,0.975,1619,1,1,home,Arsenal,Draw,1
2499875,1619,363,6,3,13,80,25,458,299,745,382,0.8237,0.5,0.9503,1609,1,1,away,Southampton,Draw,1
2499876,1627,372,8,2,19,99,25,498,300,814,399,0.8065,0.25,0.9323,10531,0,1,home,West Bromwich Albion,Loss,0
2499876,10531,435,15,3,9,88,17,591,359,959,459,0.8253,0.2,0.9477,1627,1,0,away,Swansea City,Win,2
2499877,1624,633,19,10,12,59,7,758,566,1034,664,0.8942,0.5263,0.9533,1639,5,1,away,Tottenham Hotspur,Win,2
2499877,1639,227,4,3,8,78,27,355,163,646,239,0.7181,0.75,0.9498,1624,1,5,home,Stoke City,Loss,0
2499878,1610,671,17,2,10,95,9,826,591,1157,698,0.8808,0.1176,0.9613,1633,0,1,home,Chelsea,Loss,0
2499878,1633,276,5,2,13,90,17,410,211,682,294,0.7645,0.4,0.9388,1610,1,0,away,West Ham United,Win,2
2499879,1639,322,13,6,14,55,21,465,229,839,349,0.7112,0.4615,0.9226,1646,0,1,away,Stoke City,Loss,0
2499879,1646,378,8,2,7,63,14,492,272,776,393,0.7196,0.25,0.9618,1639,1,0,home,Burnley,Win,2
2499880,1610,759,12,5,4,41,8,850,689,1029,775,0.9078,0.4167,0.9794,1673,3,1,away,Chelsea,Win,2
2499880,1673,404,6,2,11,62,14,486,354,756,421,0.8762,0.3333,0.9596,1610,1,3,home,Huddersfield Town,Loss,0
2499881,1625,808,20,8,6,71,8,949,740,1172,834,0.9158,0.4,0.9688,10531,4,0,home,Manchester City,Win,2
2499881,10531,203,5,1,12,82,9,297,145,599,220,0.7143,0.2,0.9227,1625,0,4,away,Swansea City,Loss,0
2499882,1609,702,19,2,9,68,11,804,616,1059,730,0.8775,0.1053,0.9616,1633,0,0,home,Arsenal,Draw,1
2499882,1633,288,5,0,9,76,16,374,211,714,302,0.7326,0.0,0.9536,1609,0,0,away,West Ham United,Draw,1
2499883,1628,390,13,4,15,91,20,544,310,911,418,0.7949,0.3077,0.933,1644,2,1,home,Crystal Palace,Win,2
2499883,1644,339,8,2,18,104,18,484,264,797,365,0.7788,0.25,0.9288,1628,1,2,away,Watford,Loss,0
2499884,1611,550,7,2,14,69,10,655,470,909,571,0.8545,0.2857,0.9632,1659,1,0,away,Manchester United,Win,2
2499884,1659,418,13,8,13,71,8,519,351,838,444,0.8397,0.6154,0.9414,1611,0,1,home,AFC Bournemouth,Loss,0
2499885,1613,451,13,4,10,61,8,604,376,873,474,0.8337,0.3077,0.9515,1623,0,1,home,Newcastle United,Loss,0
2499885,1623,406,7,4,11,81,32,546,333,896,424,0.8202,0.5714,0.9575,1613,1,0,away,Everton,Win,2
2499886,1619,412,9,3,13,75,17,536,341,882,434,0.8277,0.3333,0.9493,1631,1,4,home,Southampton,Loss,0
2499886,1631,346,13,9,8,70,9,479,280,713,367,0.8092,0.6923,0.9428,1619,4,1,away,Leicester City,Win,2
2499887,1612,696,13,4,15,90,11,803,610,1118,724,0.8764,0.3077,0.9613,1627,0,0,away,Liverpool,Draw,1
2499887,1627,273,6,1,7,79,21,385,194,731,286,0.7106,0.1667,0.9545,1612,0,0,home,West Bromwich Albion,Draw,1
2499888,1624,734,23,8,5,62,5,876,653,1119,762,0.8896,0.3478,0.9633,1651,2,0,away,Tottenham Hotspur,Win,2
2499888,1651,231,7,4,11,76,25,370,175,678,249,0.7576,0.5714,0.9277,1624,0,2,home,Brighton & Hove Albion,Loss,0
2499889,1612,647,19,7,10,72,12,719,565,940,676,0.8733,0.3684,0.9571,1659,4,0,away,Liverpool,Win,2
2499889,1659,483,6,2,5,54,10,550,402,846,494,0.8323,0.3333,0.9777,1612,0,4,home,AFC Bournemouth,Loss,0
2499890,1609,740,22,5,13,75,9,874,653,1191,775,0.8824,0.2273,0.9548,1613,1,0,home,Arsenal,Win,2
2499890,1613,252,10,2,9,99,25,400,185,737,271,0.7341,0.2,0.9299,1609,0,1,away,Newcastle United,Loss,0
2499891,1646,327,11,7,13,61,15,437,253,779,351,0.7737,0.6364,0.9316,1651,0,0,home,Burnley,Draw,1
2499891,1651,462,10,3,15,67,16,576,357,864,487,0.7727,0.3,0.9487,1646,0,0,away,Brighton & Hove Albion,Draw,1
2499892,1610,530,22,7,9,48,10,683,460,921,561,0.8679,0.3182,0.9447,1619,1,0,home,Chelsea,Win,2
2499892,1619,448,5,2,16,113,25,554,382,914,469,0.8527,0.4,0.9552,1610,0,1,away,Southampton,Loss,0
2499893,1623,415,10,5,11,74,15,525,345,756,436,0.8313,0.5,0.9518,10531,3,1,away,Everton,Win,2
2499893,10531,390,7,2,14,66,13,501,326,822,411,0.8359,0.2857,0.9489,1623,1,3,home,Swansea City,Loss,0
2499894,1628,332,12,6,13,105,24,505,268,798,357,0.8072,0.5,0.93,1631,3,0,home,Crystal Palace,Win,2
2499894,1631,435,10,2,12,117,11,597,351,968,457,0.8069,0.2,0.9519,1628,0,3,away,Leicester City,Loss,0
2499895,1624,374,6,2,20,91,12,478,308,816,400,0.8235,0.3333,0.935,1625,1,4,away,Tottenham Hotspur,Loss,0
2499895,1625,422,19,11,13,78,5,551,357,786,454,0.846,0.5789,0.9295,1624,4,1,home,Manchester City,Win,2
2499896,1633,356,13,6,14,61,17,492,300,856,383,0.8427,0.4615,0.9295,1639,3,0,away,West Ham United,Win,2
2499896,1639,414,16,0,12,88,9,530,336,797,442,0.8116,0.0,0.9367,1633,0,3,home,Stoke City,Loss,0
2499897,1644,418,13,4,13,69,13,582,350,830,444,0.8373,0.3077,0.9414,1673,1,4,away,Watford,Loss,0
2499897,1673,285,13,8,17,81,18,417,225,763,315,0.7895,0.6154,0.9048,1644,4,1,home,Huddersfield Town,Win,2
2499898,1611,560,8,3,9,64,19,655,474,879,577,0.8464,0.375,0.9705,1627,2,1,away,Manchester United,Win,2
2499898,1627,426,12,5,14,82,15,513,357,858,452,0.838,0.4167,0.9425,1611,1,2,home,West Bromwich Albion,Loss,0
2499899,1609,472,12,5,9,89,13,588,387,894,493,0.8199,0.4167,0.9574,1612,3,3,home,Arsenal,Draw,1
2499899,1612,415,14,9,11,88,11,532,333,879,440,0.8024,0.6429,0.9432,1609,3,3,away,Liverpool,Draw,1
2499900,1644,378,9,2,11,82,12,503,294,879,398,0.7778,0.2222,0.9497,1651,0,1,away,Watford,Loss,0
2499900,1651,399,14,3,8,72,16,549,319,823,421,0.7995,0.2143,0.9477,1644,1,0,home,Brighton & Hove Albion,Win,2
2499901,1624,505,15,6,10,55,14,620,409,881,530,0.8099,0.4,0.9528,1646,3,0,away,Tottenham Hotspur,Win,2
2499901,1646,322,6,2,10,69,17,419,246,755,338,0.764,0.3333,0.9527,1624,0,3,home,Burnley,Loss,0
2499902,1610,678,24,7,4,43,7,786,569,1073,706,0.8392,0.2917,0.9603,1623,0,0,home,Chelsea,Draw,1
2499902,1623,320,4,0,8,90,30,408,243,779,332,0.7594,0.0,0.9639,1610,0,0,away,Everton,Draw,1
2499903,1611,433,17,4,8,64,15,559,364,774,458,0.8406,0.2353,0.9454,1631,2,2,home,Manchester United,Draw,1
2499903,1631,424,8,3,20,73,11,501,350,821,452,0.8255,0.375,0.9381,1611,2,2,away,Leicester City,Draw,1
2499904,1625,900,15,5,8,53,8,982,823,1213,923,0.9144,0.3333,0.9751,1659,4,0,away,Manchester City,Win,2
2499904,1659,213,3,0,7,64,27,293,170,576,223,0.7981,0.0,0.9552,1625,0,4,home,AFC Bournemouth,Loss,0
2499905,1619,360,11,6,18,75,15,458,263,837,389,0.7306,0.5455,0.9254,1673,1,1,away,Southampton,Draw,1
2499905,1673,327,9,2,10,77,20,437,242,727,346,0.7401,0.2222,0.9451,1619,1,1,home,Huddersfield Town,Draw,1
2499906,1627,425,16,7,11,64,13,548,337,832,452,0.7929,0.4375,0.9403,1639,1,3,home,West Bromwich Albion,Loss,0
2499906,1639,322,8,5,10,85,35,462,252,822,340,0.7826,0.625,0.9471,1627,3,1,away,Stoke City,Win,2
2499907,1628,312,11,4,11,78,21,450,252,706,334,0.8077,0.3636,0.9341,10531,1,1,home,Crystal Palace,Draw,1
2499907,10531,567,7,2,13,75,16,693,496,1032,587,0.8748,0.2857,0.9659,1628,1,1,away,Swansea City,Draw,1
2499908,1613,233,9,3,12,83,31,351,166,632,254,0.7124,0.3333,0.9173,1633,3,2,home,Newcastle United,Win,2
2499908,1633,418,17,5,9,43,12,544,328,875,444,0.7847,0.2941,0.9414,1613,2,3,away,West Ham United,Loss,0
2499909,1633,314,10,5,15,73,22,424,233,795,339,0.742,0.5,0.9263,1659,3,3,away,West Ham United,Draw,1
2499909,1659,399,22,11,12,68,8,530,330,814,433,0.8271,0.5,0.9215,1633,3,3,home,AFC Bournemouth,Draw,1
2499910,1610,664,23,8,7,42,6,765,597,990,694,0.8991,0.3478,0.9568,1651,2,0,away,Chelsea,Win,2
2499910,1651,323,5,1,8,82,19,407,269,691,336,0.8328,0.2,0.9613,1610,0,2,home,Brighton & Hove Albion,Loss,0
2499911,1609,630,15,8,7,87,17,769,545,1053,652,0.8651,0.5333,0.9663,1628,3,2,away,Arsenal,Win,2
2499911,1628,311,15,2,13,96,18,474,246,835,339,0.791,0.1333,0.9174,1609,2,3,home,Crystal Palace,Loss,0
2499912,1639,332,15,8,13,93,28,484,256,836,360,0.7711,0.5333,0.9222,1673,1,1,away,Stoke City,Draw,1
2499912,1673,507,15,7,9,79,13,668,431,954,531,0.8501,0.4667,0.9548,1639,1,1,home,Huddersfield Town,Draw,1
2499913,1612,569,20,9,5,66,3,678,503,876,594,0.884,0.45,0.9579,10531,5,0,home,Liverpool,Win,2
2499913,10531,464,6,4,8,75,16,554,410,840,478,0.8836,0.6667,0.9707,1612,0,5,away,Swansea City,Loss,0
2499914,1611,634,21,6,12,50,5,754,539,1030,667,0.8502,0.2857,0.9505,1646,2,2,away,Manchester United,Draw,1
2499914,1646,220,2,1,17,74,57,336,168,697,239,0.7636,0.5,0.9205,1611,2,2,home,Burnley,Draw,1
2499915,1613,197,5,2,11,90,10,293,133,596,213,0.6751,0.4,0.9249,1625,0,1,home,Newcastle United,Loss,0
2499915,1625,798,19,5,6,47,7,915,728,1220,823,0.9123,0.2632,0.9696,1613,1,0,away,Manchester City,Win,2
2499916,1619,335,16,7,15,87,11,429,256,740,366,0.7642,0.4375,0.9153,1624,2,5,home,Southampton,Loss,0
2499916,1624,469,15,6,8,67,17,593,400,835,492,0.8529,0.4,0.9533,1619,5,2,away,Tottenham Hotspur,Win,2
2499917,1631,342,8,5,13,90,11,482,248,771,363,0.7251,0.625,0.9421,1644,1,2,away,Leicester City,Loss,0
2499917,1644,331,10,1,8,73,21,481,238,878,349,0.719,0.1,0.9484,1631,2,1,home,Watford,Win,2
2499918,1623,324,5,3,13,71,31,441,248,750,342,0.7654,0.6,0.9474,1627,0,0,away,Everton,Draw,1
2499918,1627,364,13,2,14,59,11,493,275,851,391,0.7555,0.1538,0.9309,1623,0,0,home,West Bromwich Albion,Draw,1
2499919,1623,461,7,1,12,102,13,550,365,948,480,0.7918,0.1429,0.9604,1659,1,2,away,Everton,Loss,0
2499919,1659,384,17,7,7,46,15,538,289,797,408,0.7526,0.4118,0.9412,1623,2,1,home,AFC Bournemouth,Win,2
2499920,1610,637,18,10,5,59,3,751,575,953,660,0.9027,0.5556,0.9652,1639,5,0,home,Chelsea,Win,2
2499920,1639,437,1,1,10,86,20,525,378,801,448,0.865,1.0,0.9754,1610,0,5,away,Stoke City,Loss,0
2499921,1625,609,11,4,13,62,13,722,538,1018,633,0.8834,0.3636,0.9621,1628,0,0,away,Manchester City,Draw,1
2499921,1628,182,10,0,15,80,26,284,119,609,207,0.6538,0.0,0.8792,1625,0,0,home,Crystal Palace,Draw,1
2499922,1646,262,9,3,14,67,15,384,192,648,285,0.7328,0.3333,0.9193,1673,0,0,home,Burnley,Draw,1
2499922,1673,347,3,1,14,51,10,476,265,813,364,0.7637,0.3333,0.9533,1646,0,0,away,Huddersfield Town,Draw,1
2499923,1612,553,17,6,8,62,23,684,466,977,578,0.8427,0.3529,0.9567,1631,2,1,home,Liverpool,Win,2
2499923,1631,336,6,1,4,74,22,423,246,820,346,0.7321,0.1667,0.9711,1612,1,2,away,Leicester City,Loss,0
2499924,1611,478,13,3,12,75,20,611,404,909,503,0.8452,0.2308,0.9503,1619,0,0,home,Manchester United,Draw,1
2499924,1619,405,7,2,14,85,28,528,342,875,426,0.8444,0.2857,0.9507,1611,0,0,away,Southampton,Draw,1
2499925,1613,385,11,1,11,58,11,476,303,842,407,0.787,0.0909,0.9459,1651,0,0,away,Newcastle United,Draw,1
2499925,1651,495,8,3,10,63,8,588,402,858,513,0.8121,0.375,0.9649,1613,0,0,home,Brighton & Hove Albion,Draw,1
2499926,1624,666,28,6,10,74,5,798,569,1108,704,0.8544,0.2143,0.946,1633,1,1,home,Tottenham Hotspur,Draw,1
2499926,1633,244,3,2,8,88,25,376,180,742,255,0.7377,0.6667,0.9569,1624,1,1,away,West Ham United,Draw,1
2499927,1644,467,9,4,15,86,15,625,408,935,491,0.8737,0.4444,0.9511,10531,1,2,home,Watford,Loss,0
2499927,10531,445,9,4,13,71,8,598,386,838,467,0.8674,0.4444,0.9529,1644,2,1,away,Swansea City,Win,2
2499928,1609,624,12,4,10,67,13,708,526,1040,646,0.8429,0.3333,0.9659,1627,1,1,away,Arsenal,Draw,1
2499928,1627,329,9,2,14,71,20,414,251,672,352,0.7629,0.2222,0.9347,1609,1,1,home,West Bromwich Albion,Draw,1
2499929,1609,577,12,6,13,75,5,680,506,918,602,0.8769,0.5,0.9585,1610,2,2,home,Arsenal,Draw,1
2499929,1610,399,17,5,12,77,20,519,339,843,428,0.8496,0.2941,0.9322,1609,2,2,away,Chelsea,Draw,1
2499930,1651,358,13,6,12,86,19,497,291,765,383,0.8128,0.4615,0.9347,1659,2,2,away,Brighton & Hove Albion,Draw,1
2499930,1659,385,22,7,10,48,17,533,331,888,417,0.8597,0.3182,0.9233,1651,2,2,home,AFC Bournemouth,Draw,1
2499931,1612,502,18,4,12,59,11,598,417,868,532,0.8307,0.2222,0.9436,1646,2,1,away,Liverpool,Win,2
2499931,1646,341,10,4,4,54,18,430,264,764,355,0.7742,0.4,0.9606,1612,1,2,home,Burnley,Loss,0
2499932,1611,562,21,6,11,89,12,693,492,974,594,0.8754,0.2857,0.9461,1623,2,0,home,Manchester United,Win,2
2499932,1623,353,10,0,11,66,15,488,289,808,374,0.8187,0.0,0.9439,1611,0,2,away,Everton,Loss,0
2499933,1631,462,11,5,7,74,12,614,380,951,480,0.8225,0.4545,0.9625,1673,3,0,away,Leicester City,Win,2
2499933,1673,461,6,1,9,97,17,582,383,902,476,0.8308,0.1667,0.9685,1631,0,3,home,Huddersfield Town,Loss,0
2499934,1625,843,14,6,8,62,7,949,774,1271,865,0.9181,0.4286,0.9746,1644,3,1,away,Manchester City,Win,2
2499934,1644,244,6,4,12,73,18,332,186,546,262,0.7623,0.6667,0.9313,1625,1,3,home,Watford,Loss,0
2499935,1619,546,9,3,8,101,12,675,455,1053,563,0.8333,0.3333,0.9698,1628,1,2,away,Southampton,Loss,0
2499935,1628,316,10,5,11,70,13,474,242,737,337,0.7658,0.5,0.9377,1619,2,1,home,Crystal Palace,Win,2
2499936,1613,300,13,6,11,88,28,428,221,791,324,0.7367,0.4615,0.9259,1639,1,0,home,Newcastle United,Win,2
2499936,1639,448,10,3,10,53,16,570,362,836,468,0.808,0.3,0.9573,1613,0,1,away,Stoke City,Loss,0
2499937,1624,644,11,4,9,67,12,746,571,980,664,0.8866,0.3636,0.9699,10531,2,0,away,Tottenham Hotspur,Win,2
2499937,10531,293,7,1,12,66,10,385,223,689,312,0.7611,0.1429,0.9391,1624,0,2,home,Swansea City,Loss,0
2499938,1627,410,10,3,12,60,20,476,335,717,432,0.8171,0.3,0.9491,1633,1,2,home,West Bromwich Albion,Loss,0
2499938,1633,452,12,5,12,64,12,540,370,840,476,0.8186,0.4167,0.9496,1627,2,1,away,West Ham United,Win,2
2499939,1609,514,11,3,10,82,19,654,415,1042,535,0.8074,0.2727,0.9607,1659,1,2,away,Arsenal,Loss,0
2499939,1659,322,13,5,8,87,23,456,240,796,343,0.7453,0.3846,0.9388,1609,2,1,home,AFC Bournemouth,Win,2
2499940,1610,478,15,6,14,73,8,579,402,838,507,0.841,0.4,0.9428,1631,0,0,home,Chelsea,Draw,1
2499940,1631,392,12,1,13,70,19,512,327,820,417,0.8342,0.0833,0.94,1610,0,0,away,Leicester City,Draw,1
2499941,1628,281,15,3,16,70,20,422,209,770,312,0.7438,0.2,0.9006,1646,1,0,away,Crystal Palace,Win,2
2499941,1646,371,7,2,13,62,9,512,303,780,391,0.8167,0.2857,0.9488,1628,0,1,home,Burnley,Loss,0
2499942,1633,291,6,5,9,80,17,437,224,780,306,0.7698,0.8333,0.951,1673,4,1,away,West Ham United,Win,2
2499942,1673,518,8,1,7,101,9,639,433,899,533,0.8359,0.125,0.9719,1633,1,4,home,Huddersfield Town,Loss,0
2499943,1612,349,16,7,11,109,12,484,275,764,376,0.788,0.4375,0.9282,1625,4,3,home,Liverpool,Win,2
2499943,1625,635,11,4,7,97,6,794,557,1112,653,0.8772,0.3636,0.9724,1612,3,4,away,Manchester City,Loss,0
2499944,1611,590,17,9,15,65,4,717,533,929,622,0.9034,0.5294,0.9486,1639,3,0,home,Manchester United,Win,2
2499944,1639,356,11,4,10,93,12,473,303,734,377,0.8511,0.3636,0.9443,1611,0,3,away,Stoke City,Loss,0
2499945,1613,340,10,4,11,71,21,464,277,810,361,0.8147,0.4,0.9418,10531,1,1,home,Newcastle United,Draw,1
2499945,10531,459,7,4,12,47,13,599,389,839,478,0.8475,0.5714,0.9603,1613,1,1,away,Swansea City,Draw,1
2499946,1623,343,5,0,15,98,18,460,265,817,363,0.7726,0.0,0.9449,1624,0,4,away,Everton,Loss,0
2499946,1624,549,20,10,11,68,11,708,475,982,580,0.8652,0.5,0.9466,1623,4,0,home,Tottenham Hotspur,Win,2
2499947,1619,353,8,4,16,89,18,455,261,836,377,0.7394,0.5,0.9363,1644,2,2,away,Southampton,Draw,1
2499947,1644,433,15,4,10,63,14,571,345,831,458,0.7968,0.2667,0.9454,1619,2,2,home,Watford,Draw,1
2499948,1627,311,14,4,8,49,25,451,242,785,333,0.7781,0.2857,0.9339,1651,2,0,home,West Bromwich Albion,Win,2
2499948,1651,429,13,1,16,81,11,515,341,827,458,0.7949,0.0769,0.9367,1627,0,2,away,Brighton & Hove Albion,Loss,0
2499949,1609,760,15,11,6,83,12,887,694,1160,781,0.9132,0.7333,0.9731,1628,4,1,away,Arsenal,Win,2
2499949,1628,407,9,5,8,77,4,515,336,815,424,0.8256,0.5556,0.9599,1609,1,4,home,Crystal Palace,Loss,0
2499950,1610,518,11,8,5,61,11,652,463,855,534,0.8938,0.7273,0.97,1651,4,0,away,Chelsea,Win,2
2499950,1651,353,11,3,14,80,13,454,286,758,378,0.8102,0.2727,0.9339,1610,0,4,home,Brighton & Hove Albion,Loss,0
2499951,1611,442,12,2,13,82,20,597,364,893,467,0.8235,0.1667,0.9465,1646,1,0,away,Manchester United,Win,2
2499951,1646,408,12,3,9,83,12,528,333,888,429,0.8162,0.25,0.951,1611,0,1,home,Burnley,Loss,0
2499952,1623,462,8,4,16,113,17,608,361,940,486,0.7814,0.5,0.9506,1627,1,1,away,Everton,Draw,1
2499952,1627,317,15,5,11,84,11,509,227,885,343,0.7161,0.3333,0.9242,1623,1,1,home,West Bromwich Albion,Draw,1
2499953,1631,407,7,4,11,70,9,535,339,811,425,0.8329,0.5714,0.9576,1644,2,0,away,Leicester City,Win,2
2499953,1644,348,8,3,10,96,13,469,267,802,366,0.7672,0.375,0.9508,1631,0,2,home,Watford,Loss,0
2499954,1613,158,6,4,9,81,38,257,110,586,173,0.6962,0.6667,0.9133,1625,1,3,home,Newcastle United,Loss,0
2499954,1625,798,18,8,5,47,7,910,714,1186,821,0.8947,0.4444,0.972,1613,3,1,away,Manchester City,Win,2
2499955,1619,313,9,4,8,71,14,417,240,747,330,0.7668,0.4444,0.9485,1624,1,1,home,Southampton,Draw,1
2499955,1624,462,12,2,15,64,12,586,391,852,489,0.8463,0.1667,0.9448,1619,1,1,away,Tottenham Hotspur,Draw,1
2499956,1639,277,11,6,18,67,16,409,183,800,306,0.6606,0.5455,0.9052,1673,2,0,away,Stoke City,Win,2
2499956,1673,286,6,3,12,64,11,409,193,710,304,0.6748,0.5,0.9408,1639,0,2,home,Huddersfield Town,Loss,0
2499957,1612,734,19,3,10,68,12,811,652,1072,763,0.8883,0.1579,0.962,10531,0,1,home,Liverpool,Loss,0
2499957,10531,264,3,2,5,59,29,378,204,681,272,0.7727,0.6667,0.9706,1612,1,0,away,Swansea City,Win,2
2499958,1633,374,13,4,9,84,6,485,295,824,396,0.7888,0.3077,0.9444,1659,1,1,away,West Ham United,Draw,1
2499958,1659,419,9,3,7,72,12,510,329,793,435,0.7852,0.3333,0.9632,1633,1,1,home,AFC Bournemouth,Draw,1
2499959,1612,901,14,6,8,57,7,978,809,1216,923,0.8979,0.4286,0.9762,1673,3,0,away,Liverpool,Win,2
2499959,1673,279,3,1,8,58,22,367,211,656,290,0.7563,0.3333,0.9621,1612,0,3,home,Huddersfield Town,Loss,0
2499960,1609,889,7,3,9,55,10,967,825,1171,905,0.928,0.4286,0.9823,10531,1,3,home,Arsenal,Loss,0
2499960,10531,278,11,4,4,47,21,373,221,621,293,0.795,0.3636,0.9488,1609,3,1,away,Swansea City,Win,2
2499961,1628,434,8,2,17,62,19,572,364,847,459,0.8387,0.25,0.9455,1633,1,1,home,Crystal Palace,Draw,1
2499961,1633,287,6,2,10,86,16,414,214,733,303,0.7456,0.3333,0.9472,1628,1,1,away,West Ham United,Draw,1
2499962,1610,578,15,4,5,57,12,716,488,941,598,0.8443,0.2667,0.9666,1659,0,3,away,Chelsea,Loss,0
2499962,1659,317,11,5,12,107,27,408,254,770,340,0.8013,0.4545,0.9324,1610,3,0,home,AFC Bournemouth,Win,2
2499963,1623,332,11,4,10,64,35,454,253,726,353,0.762,0.3636,0.9405,1631,2,1,away,Everton,Win,2
2499963,1631,431,6,1,10,57,8,510,319,890,447,0.7401,0.1667,0.9642,1623,1,2,home,Leicester City,Loss,0
2499964,1613,373,13,4,16,71,22,549,299,849,402,0.8016,0.3077,0.9279,1646,1,1,away,Newcastle United,Draw,1
2499964,1646,326,11,2,14,84,10,470,238,869,351,0.7301,0.1818,0.9288,1613,1,1,home,Burnley,Draw,1
2499965,1619,604,17,3,9,73,4,717,512,1014,630,0.8477,0.1765,0.9587,1651,1,1,away,Southampton,Draw,1
2499965,1651,252,7,1,9,80,18,372,178,710,268,0.7063,0.1429,0.9403,1619,1,1,home,Brighton & Hove Albion,Draw,1
2499966,1625,669,17,10,10,59,7,779,591,993,696,0.8834,0.5882,0.9612,1627,3,0,away,Manchester City,Win,2
2499966,1627,217,3,1,11,63,14,308,163,595,231,0.7512,0.3333,0.9394,1625,0,3,home,West Bromwich Albion,Loss,0
2499967,1639,251,9,3,14,65,23,401,171,762,274,0.6813,0.3333,0.9161,1644,0,0,away,Stoke City,Draw,1
2499967,1644,269,11,3,12,53,17,419,187,690,292,0.6952,0.2727,0.9212,1639,0,0,home,Watford,Draw,1
2499968,1611,450,6,3,13,89,10,564,364,894,469,0.8089,0.5,0.9595,1624,0,2,home,Manchester United,Loss,0
2499968,1624,501,22,6,10,88,6,635,427,896,533,0.8523,0.2727,0.94,1611,2,0,away,Tottenham Hotspur,Win,2
2499969,1639,317,13,4,20,115,21,493,238,849,350,0.7508,0.3077,0.9057,1659,1,2,away,Stoke City,Loss,0
2499969,1659,392,11,5,14,68,14,564,306,870,417,0.7806,0.4545,0.94,1639,2,1,home,AFC Bournemouth,Win,2
2499970,1609,523,14,7,8,80,17,639,459,900,545,0.8776,0.5,0.9596,1623,5,1,home,Arsenal,Win,2
2499970,1623,355,11,2,8,59,19,485,301,768,374,0.8479,0.1818,0.9492,1609,1,5,away,Everton,Loss,0
2499971,1633,355,3,1,8,62,14,457,285,704,366,0.8028,0.3333,0.9699,1651,1,3,away,West Ham United,Loss,0
2499971,1651,441,23,5,12,49,12,553,361,903,476,0.8186,0.2174,0.9265,1633,3,1,home,Brighton & Hove Albion,Win,2
2499972,1625,672,18,6,5,37,8,780,584,1048,695,0.869,0.3333,0.9669,1646,1,1,away,Manchester City,Draw,1
2499972,1646,251,7,3,9,54,28,331,189,656,267,0.753,0.4286,0.9401,1625,1,1,home,Burnley,Draw,1
2499973,1613,330,10,7,8,80,22,450,253,823,348,0.7667,0.7,0.9483,1628,1,1,away,Newcastle United,Draw,1
2499973,1628,408,19,4,11,53,15,558,328,826,438,0.8039,0.2105,0.9315,1613,1,1,home,Crystal Palace,Draw,1
2499974,1631,519,13,4,9,73,8,648,430,931,541,0.8285,0.3077,0.9593,10531,1,1,away,Leicester City,Draw,1
2499974,10531,324,3,1,8,73,20,443,254,752,335,0.784,0.3333,0.9672,1631,1,1,home,Swansea City,Draw,1
2499975,1612,294,8,3,16,65,21,364,214,664,318,0.7279,0.375,0.9245,1624,2,2,home,Liverpool,Draw,1
2499975,1624,570,10,3,9,52,9,616,464,941,589,0.814,0.3,0.9677,1612,2,2,away,Tottenham Hotspur,Draw,1
2499976,1611,765,16,6,5,42,10,897,676,1135,786,0.8837,0.375,0.9733,1673,2,0,away,Manchester United,Win,2
2499976,1673,268,2,0,19,116,12,348,200,672,289,0.7463,0.0,0.9273,1611,0,2,home,Huddersfield Town,Loss,0
2499977,1610,480,6,3,9,78,11,581,417,821,495,0.8688,0.5,0.9697,1644,1,4,away,Chelsea,Loss,0
2499977,1644,387,19,7,12,79,5,508,318,787,418,0.8217,0.3684,0.9258,1610,4,1,home,Watford,Win,2
2499978,1619,499,11,4,11,63,19,619,420,901,521,0.8417,0.3636,0.9578,1627,3,2,away,Southampton,Win,2
2499978,1627,287,6,2,12,67,15,390,206,731,305,0.7178,0.3333,0.941,1619,2,3,home,West Bromwich Albion,Loss,0
2499979,1610,547,17,8,11,85,15,689,474,966,575,0.8665,0.4706,0.9513,1627,3,0,away,Chelsea,Win,2
2499979,1627,396,7,1,10,81,12,523,324,838,413,0.8182,0.1429,0.9588,1610,0,3,home,West Bromwich Albion,Loss,0
2499980,1623,373,8,5,14,75,16,485,291,763,395,0.7802,0.625,0.9443,1628,3,1,away,Everton,Win,2
2499980,1628,317,13,3,15,69,17,460,249,788,345,0.7855,0.2308,0.9188,1623,1,3,home,Crystal Palace,Loss,0
2499981,1659,399,7,2,13,72,10,486,293,812,419,0.7343,0.2857,0.9523,1673,1,4,home,AFC Bournemouth,Loss,0
2499981,1673,412,12,4,12,89,15,522,316,891,436,0.767,0.3333,0.945,1659,4,1,away,Huddersfield Town,Win,2
2499982,1625,685,18,11,11,49,6,800,602,1043,714,0.8788,0.6111,0.9594,1631,5,1,home,Manchester City,Win,2
2499982,1631,249,2,2,12,89,24,330,178,647,263,0.7149,1.0,0.9468,1625,1,5,away,Leicester City,Loss,0
2499983,1611,605,12,7,15,54,8,728,510,1066,632,0.843,0.5833,0.9573,1613,0,1,home,Manchester United,Loss,0
2499983,1613,334,9,3,12,97,34,418,243,737,355,0.7275,0.3333,0.9408,1611,1,0,away,Newcastle United,Win,2
2499984,1612,474,15,4,9,77,15,586,400,840,498,0.8439,0.2667,0.9518,1619,2,0,home,Liverpool,Win,2
2499984,1619,526,6,4,5,73,13,635,437,986,537,0.8308,0.6667,0.9795,1612,0,2,away,Southampton,Loss,0
2499985,1639,458,15,2,6,60,18,578,357,903,479,0.7795,0.1333,0.9562,1651,1,1,away,Stoke City,Draw,1
2499985,1651,325,14,6,10,87,35,445,242,872,349,0.7446,0.4286,0.9312,1639,1,1,home,Brighton & Hove Albion,Draw,1
2499986,1646,318,12,1,9,61,19,423,255,744,339,0.8019,0.0833,0.9381,10531,0,1,home,Burnley,Loss,0
2499986,10531,450,12,3,10,50,7,561,360,828,472,0.8,0.25,0.9534,1646,1,0,away,Swansea City,Win,2
2499987,1609,488,6,1,10,82,17,568,409,910,504,0.8381,0.1667,0.9683,1624,0,1,home,Arsenal,Loss,0
2499987,1624,488,15,5,13,59,10,611,410,844,516,0.8402,0.3333,0.9457,1609,1,0,away,Tottenham Hotspur,Win,2
2499988,1633,223,7,4,11,76,25,352,152,718,241,0.6816,0.5714,0.9253,1644,2,0,away,West Ham United,Win,2
2499988,1644,421,8,3,7,67,6,540,330,810,436,0.7838,0.375,0.9656,1633,0,2,home,Watford,Loss,0
2499989,1613,307,12,3,12,94,27,451,238,824,331,0.7752,0.25,0.9275,1659,2,2,away,Newcastle United,Draw,1
2499989,1659,544,17,4,12,71,8,686,452,995,573,0.8309,0.2353,0.9494,1613,2,2,home,AFC Bournemouth,Draw,1
2499990,1609,515,8,3,11,100,8,601,428,944,534,0.8311,0.375,0.9644,1625,0,3,home,Arsenal,Loss,0
2499990,1625,616,9,5,11,66,22,738,543,999,636,0.8815,0.5556,0.9686,1609,3,0,away,Manchester City,Win,2
2499991,1651,385,14,4,17,61,14,485,309,789,416,0.8026,0.2857,0.9255,10531,4,1,home,Brighton & Hove Albion,Win,2
2499991,10531,402,11,1,6,62,9,488,326,766,419,0.8109,0.0909,0.9594,1651,1,4,away,Swansea City,Loss,0
2499992,1619,365,12,6,14,89,20,508,268,904,391,0.7342,0.5,0.9335,1646,1,1,away,Southampton,Draw,1
2499992,1646,350,9,3,9,61,13,503,266,867,368,0.76,0.3333,0.9511,1619,1,1,home,Burnley,Draw,1
2499993,1624,645,11,4,5,48,19,778,559,1054,661,0.8667,0.3636,0.9758,1628,1,0,away,Tottenham Hotspur,Win,2
2499993,1628,181,4,2,12,85,25,322,119,651,197,0.6575,0.5,0.9188,1624,0,1,home,Crystal Palace,Loss,0
2499994,1631,444,18,7,10,77,9,599,344,900,472,0.7748,0.3889,0.9407,1639,1,1,away,Leicester City,Draw,1
2499994,1639,209,5,2,16,106,42,368,138,777,230,0.6603,0.4,0.9087,1631,1,1,home,Stoke City,Draw,1
2499995,1612,711,19,12,7,63,10,786,613,1043,737,0.8622,0.6316,0.9647,1633,4,1,home,Liverpool,Win,2
2499995,1633,315,7,3,7,55,13,394,244,711,329,0.7746,0.4286,0.9574,1612,1,4,away,West Ham United,Loss,0
2499996,1610,527,13,5,12,92,12,659,455,938,552,0.8634,0.3846,0.9547,1611,1,2,away,Chelsea,Loss,0
2499996,1611,414,8,4,13,96,14,557,352,840,435,0.8502,0.5,0.9517,1610,2,1,home,Manchester United,Win,2
2499997,1623,334,4,2,10,93,29,483,247,878,348,0.7395,0.5,0.9598,1644,0,1,away,Everton,Loss,0
2499997,1644,392,12,5,12,78,15,555,311,824,416,0.7934,0.4167,0.9423,1623,1,0,home,Watford,Win,2
2499998,1627,379,11,2,11,84,19,511,276,830,401,0.7282,0.1818,0.9451,1673,1,2,home,West Bromwich Albion,Loss,0
2499998,1673,327,14,7,9,101,20,455,230,849,350,0.7034,0.5,0.9343,1627,2,1,away,Huddersfield Town,Win,2
2499999,1609,580,13,7,13,47,6,686,501,987,606,0.8638,0.5385,0.9571,1651,1,2,home,Arsenal,Loss,0
2499999,1651,265,13,6,14,75,22,366,202,695,292,0.7623,0.4615,0.9075,1609,2,1,away,Brighton & Hove Albion,Win,2
2500000,1623,325,10,4,12,70,22,489,237,770,347,0.7292,0.4,0.9366,1646,1,2,away,Everton,Loss,0
2500000,1646,395,21,9,9,85,7,538,302,942,425,0.7646,0.4286,0.9294,1623,2,1,home,Burnley,Win,2
2500001,1611,624,14,8,9,72,12,748,545,1010,647,0.8734,0.5714,0.9645,1628,3,2,away,Manchester United,Win,2
2500001,1628,249,9,4,11,86,29,386,182,725,269,0.7309,0.4444,0.9257,1611,2,3,home,Crystal Palace,Loss,0
2500002,1631,425,18,4,12,73,3,530,316,849,455,0.7435,0.2222,0.9341,1659,1,1,away,Leicester City,Draw,1
2500002,1659,339,7,2,7,52,24,447,248,862,353,0.7316,0.2857,0.9603,1631,1,1,home,AFC Bournemouth,Draw,1
2500003,1612,742,14,3,7,85,12,849,662,1115,763,0.8922,0.2143,0.9725,1613,2,0,home,Liverpool,Win,2
2500003,1613,285,6,1,9,62,17,395,215,712,300,0.7544,0.1667,0.95,1612,0,2,away,Newcastle United,Loss,0
2500004,1610,366,3,0,9,63,13,423,296,698,378,0.8087,0.0,0.9683,1625,0,1,home,Chelsea,Loss,0
2500004,1625,958,13,3,9,53,11,1028,892,1251,980,0.9311,0.2308,0.9776,1610,1,0,away,Manchester City,Win,2
2500005,1619,412,17,6,8,52,10,540,335,882,437,0.8131,0.3529,0.9428,1639,0,0,home,Southampton,Draw,1
2500005,1639,204,12,3,15,87,37,357,153,620,231,0.75,0.25,0.8831,1619,0,0,away,Stoke City,Draw,1
2500006,1633,507,7,2,13,75,16,599,420,931,527,0.8284,0.2857,0.962,10531,1,4,away,West Ham United,Loss,0
2500006,10531,398,8,7,9,68,9,530,320,755,415,0.804,0.875,0.959,1633,4,1,home,Swansea City,Win,2
2500007,1624,785,14,7,6,51,9,903,692,1154,805,0.8815,0.5,0.9752,1673,2,0,away,Tottenham Hotspur,Win,2
2500007,1673,256,3,3,8,106,15,346,170,678,267,0.6641,1.0,0.9588,1624,0,2,home,Huddersfield Town,Loss,0
2500008,1627,334,8,2,12,72,22,462,237,756,354,0.7096,0.25,0.9435,1644,0,1,home,West Bromwich Albion,Loss,0
2500008,1644,386,14,4,11,87,19,500,295,884,411,0.7642,0.2857,0.9392,1627,1,0,away,Watford,Win,2
2500009,1624,536,13,8,8,77,10,671,451,952,557,0.8414,0.6154,0.9623,1659,4,1,away,Tottenham Hotspur,Win,2
2500009,1659,304,12,3,9,81,7,435,228,760,325,0.75,0.25,0.9354,1624,1,4,home,AFC Bournemouth,Loss,0
2500010,1609,480,10,7,13,73,23,584,406,831,503,0.8458,0.7,0.9543,1644,3,0,home,Arsenal,Win,2
2500010,1644,305,8,2,9,60,13,400,244,706,322,0.8,0.25,0.9472,1609,0,3,away,Watford,Loss,0
2500011,1610,577,24,8,9,70,8,747,513,1015,610,0.8891,0.3333,0.9459,1628,2,1,away,Chelsea,Win,2
2500011,1628,336,6,2,10,90,30,465,283,833,352,0.8423,0.3333,0.9545,1610,1,2,home,Crystal Palace,Loss,0
2500012,1623,404,12,2,10,55,12,533,320,800,426,0.7921,0.1667,0.9484,1651,2,0,away,Everton,Win,2
2500012,1651,281,10,4,14,87,24,395,207,762,305,0.7367,0.4,0.9213,1623,0,2,home,Brighton & Hove Albion,Loss,0
2500013,1673,698,27,3,9,41,4,776,602,1026,734,0.8625,0.1111,0.951,10531,0,0,home,Huddersfield Town,Draw,1
2500013,10531,145,0,0,11,61,48,224,95,575,156,0.6552,,0.9295,1673,0,0,away,Swansea City,Draw,1
2500014,1611,253,4,2,10,80,32,380,196,718,267,0.7747,0.5,0.9476,1612,2,1,away,Manchester United,Win,2
2500014,1612,570,14,2,16,72,7,678,486,932,600,0.8526,0.1429,0.95,1611,1,2,home,Liverpool,Loss,0
2500015,1613,266,8,4,10,83,26,387,197,663,284,0.7406,0.5,0.9366,1619,3,0,home,Newcastle United,Win,2
2500015,1619,481,6,2,11,59,11,603,385,980,498,0.8004,0.3333,0.9659,1613,0,3,away,Southampton,Loss,0
2500016,1625,823,15,5,7,52,4,924,748,1150,845,0.9089,0.3333,0.974,1639,2,0,home,Manchester City,Win,2
2500016,1639,216,3,0,7,65,6,309,159,582,226,0.7361,0.0,0.9558,1625,0,2,away,Stoke City,Loss,0
2500017,1627,337,7,2,6,66,10,430,264,802,350,0.7834,0.2857,0.9629,1631,1,4,home,West Bromwich Albion,Loss,0
2500017,1631,447,14,6,7,67,17,574,364,827,468,0.8143,0.4286,0.9551,1627,4,1,away,Leicester City,Win,2
2500018,1633,379,13,4,13,48,11,482,300,718,405,0.7916,0.3077,0.9358,1646,0,3,away,West Ham United,Loss,0
2500018,1646,363,7,4,7,61,19,471,297,777,377,0.8182,0.5714,0.9629,1633,3,0,home,Burnley,Win,2
2500019,1627,353,10,6,10,68,8,451,264,698,373,0.7479,0.6,0.9464,1659,1,2,away,West Bromwich Albion,Loss,0
2500019,1659,554,12,3,6,74,14,670,464,1009,572,0.8375,0.25,0.9685,1627,2,1,home,AFC Bournemouth,Win,2
2500020,1610,596,15,5,11,54,10,736,523,985,622,0.8775,0.3333,0.9582,1646,2,1,away,Chelsea,Win,2
2500020,1646,366,5,2,9,89,15,465,294,778,380,0.8033,0.4,0.9632,1610,1,2,home,Burnley,Loss,0
2500021,1628,341,15,5,12,86,26,504,254,792,368,0.7449,0.3333,0.9266,1673,2,0,home,Crystal Palace,Win,2
2500021,1673,437,6,2,11,98,14,558,335,992,454,0.7666,0.3333,0.9626,1628,0,2,away,Huddersfield Town,Loss,0
2500022,1609,447,13,6,14,89,16,562,376,843,474,0.8412,0.4615,0.943,1631,1,3,home,Arsenal,Loss,0
2500022,1631,315,16,7,8,79,19,450,246,759,339,0.781,0.4375,0.9292,1609,3,1,away,Leicester City,Win,2
2500023,1612,549,12,10,5,58,15,627,463,888,566,0.8434,0.8333,0.97,1644,5,0,home,Liverpool,Win,2
2500023,1644,413,4,1,4,62,13,472,314,789,421,0.7603,0.25,0.981,1612,0,5,away,Watford,Loss,0
2500024,1625,831,18,7,5,49,8,922,766,1160,854,0.9218,0.3889,0.9731,1651,3,1,away,Manchester City,Win,2
2500024,1651,290,6,3,7,61,23,373,245,659,303,0.8448,0.5,0.9571,1625,1,3,home,Brighton & Hove Albion,Loss,0
2500025,1623,430,15,8,11,69,10,538,350,850,456,0.814,0.5333,0.943,1639,2,1,away,Everton,Win,2
2500025,1639,301,10,4,13,74,19,405,236,654,324,0.7841,0.4,0.929,1623,1,2,home,Stoke City,Loss,0
2500026,1619,332,12,8,15,75,34,484,260,851,359,0.7831,0.6667,0.9248,10531,1,0,home,Southampton,Win,2
2500026,10531,380,11,3,7,50,12,545,304,819,398,0.8,0.2727,0.9548,1619,0,1,away,Swansea City,Loss,0
2500027,1613,290,13,3,8,77,15,416,214,751,311,0.7379,0.2308,0.9325,1624,0,1,home,Newcastle United,Loss,0
2500027,1624,549,10,4,11,52,11,654,459,948,570,0.8361,0.4,0.9632,1613,1,0,away,Tottenham Hotspur,Win,2
2500028,1611,572,16,5,13,75,8,731,513,960,601,0.8969,0.3125,0.9517,1633,0,0,home,Manchester United,Draw,1
2500028,1633,442,7,2,13,77,14,584,392,903,462,0.8869,0.2857,0.9567,1611,0,0,away,West Ham United,Draw,1
2500029,1609,627,20,9,9,63,10,723,540,1009,656,0.8612,0.45,0.9558,1639,3,0,home,Arsenal,Win,2
2500029,1639,237,5,2,14,59,12,334,171,647,256,0.7215,0.4,0.9258,1609,0,3,away,Stoke City,Loss,0
2500030,1631,424,6,4,13,75,24,551,342,846,443,0.8066,0.6667,0.9571,1651,2,0,away,Leicester City,Win,2
2500030,1651,378,12,1,12,50,10,479,290,822,402,0.7672,0.0833,0.9403,1631,0,2,home,Brighton & Hove Albion,Loss,0
2500031,1610,459,14,4,4,78,14,583,376,907,477,0.8192,0.2857,0.9623,1624,1,3,home,Chelsea,Loss,0
2500031,1624,514,11,6,10,81,18,633,443,908,535,0.8619,0.5455,0.9607,1610,3,1,away,Tottenham Hotspur,Win,2
2500032,1612,661,15,6,8,84,11,754,556,1076,684,0.8411,0.4,0.9664,1628,2,1,away,Liverpool,Win,2
2500032,1628,297,5,2,6,73,17,400,215,747,308,0.7239,0.4,0.9643,1612,1,2,home,Crystal Palace,Loss,0
2500033,1623,182,5,2,10,55,18,253,131,513,197,0.7198,0.4,0.9239,1625,1,3,away,Everton,Loss,0
2500033,1625,940,18,5,8,38,9,1030,876,1276,966,0.9319,0.2778,0.9731,1623,3,1,home,Manchester City,Win,2
2500034,1611,731,11,5,6,58,6,827,656,1036,748,0.8974,0.4545,0.9773,10531,2,0,home,Manchester United,Win,2
2500034,10531,363,3,2,13,82,14,459,303,727,379,0.8347,0.6667,0.9578,1611,0,2,away,Swansea City,Loss,0
2500035,1613,563,15,3,11,64,12,679,478,956,589,0.849,0.2,0.9559,1673,1,0,away,Newcastle United,Win,2
2500035,1673,307,4,0,11,86,19,433,236,767,322,0.7687,0.0,0.9534,1613,0,1,home,Huddersfield Town,Loss,0
2500036,1619,561,14,3,18,57,7,625,483,870,593,0.861,0.2143,0.946,1633,3,2,home,Southampton,Win,2
2500036,1633,260,16,7,10,64,16,371,201,637,286,0.7731,0.4375,0.9091,1619,2,3,away,West Ham United,Loss,0
2500037,1644,405,16,5,17,96,10,526,318,800,438,0.7852,0.3125,0.9247,1659,2,2,away,Watford,Draw,1
2500037,1659,402,11,6,6,61,19,534,332,861,419,0.8259,0.5455,0.9594,1644,2,2,home,AFC Bournemouth,Draw,1
2500038,1627,399,9,3,12,84,14,503,322,858,420,0.807,0.3333,0.95,1646,1,2,away,West Bromwich Albion,Loss,0
2500038,1646,440,10,4,10,59,18,562,357,831,460,0.8114,0.4,0.9565,1627,2,1,home,Burnley,Win,2
2500039,1628,443,13,4,10,62,25,558,373,871,466,0.842,0.3077,0.9506,1659,2,2,away,Crystal Palace,Draw,1
2500039,1659,468,17,5,9,64,7,548,380,828,494,0.812,0.2941,0.9474,1628,2,2,home,AFC Bournemouth,Draw,1
2500040,1609,685,11,7,13,54,22,769,604,1057,709,0.8818,0.6364,0.9661,1619,3,2,home,Arsenal,Win,2
2500040,1619,353,13,8,8,55,16,448,280,753,374,0.7932,0.6154,0.9439,1609,2,3,away,Southampton,Loss,0
2500041,1651,323,12,5,13,90,18,484,243,767,348,0.7523,0.4167,0.9282,1673,1,1,away,Brighton & Hove Albion,Draw,1
2500041,1673,492,14,5,7,71,17,645,411,989,513,0.8354,0.3571,0.9591,1651,1,1,home,Huddersfield Town,Draw,1
2500042,1610,573,23,6,7,72,8,735,498,991,603,0.8691,0.2609,0.9502,1633,1,1,home,Chelsea,Draw,1
2500042,1633,385,4,2,10,93,11,456,311,808,399,0.8078,0.5,0.9649,1610,1,1,away,West Ham United,Draw,1
2500043,1612,543,10,3,7,37,17,663,473,1014,560,0.8711,0.3,0.9696,1623,0,0,home,Liverpool,Draw,1
2500043,1623,315,6,1,12,78,25,417,230,721,333,0.7302,0.1667,0.9459,1612,0,0,away,Everton,Draw,1
2500044,1613,229,7,4,15,83,24,321,156,687,251,0.6812,0.5714,0.9124,1631,2,1,home,Newcastle United,Win,2
2500044,1631,507,7,1,8,50,6,629,424,878,522,0.8363,0.1429,0.9713,1613,1,2,away,Leicester City,Loss,0
2500045,1611,289,5,4,9,73,12,414,238,691,303,0.8235,0.8,0.9538,1625,3,2,home,Manchester United,Win,2
2500045,1625,570,16,6,19,78,6,689,502,922,605,0.8807,0.375,0.9421,1611,2,3,away,Manchester City,Loss,0
2500046,1624,524,12,3,10,61,13,667,448,904,546,0.855,0.25,0.9597,1639,2,1,away,Tottenham Hotspur,Win,2
2500046,1639,262,8,3,22,102,12,355,185,709,292,0.7061,0.375,0.8973,1624,1,2,home,Stoke City,Loss,0
2500047,1644,419,13,6,18,43,7,516,328,827,450,0.7828,0.4615,0.9311,1646,1,2,away,Watford,Loss,0
2500047,1646,265,6,4,12,47,26,358,191,615,283,0.7208,0.6667,0.9364,1644,2,1,home,Burnley,Win,2
2500048,1627,477,16,3,14,49,12,573,404,827,507,0.847,0.1875,0.9408,10531,1,1,home,West Bromwich Albion,Draw,1
2500048,10531,413,7,1,7,63,18,512,344,830,427,0.8329,0.1429,0.9672,1627,1,1,away,Swansea City,Draw,1
2500049,1631,428,13,5,10,51,7,534,336,889,451,0.785,0.3846,0.949,1646,1,2,away,Leicester City,Loss,0
2500049,1646,257,8,3,9,61,27,366,182,633,274,0.7082,0.375,0.938,1631,2,1,home,Burnley,Win,2
2500050,1628,348,15,9,13,48,16,460,273,717,376,0.7845,0.6,0.9255,1651,3,2,home,Crystal Palace,Win,2
2500050,1651,326,9,3,15,72,10,444,248,763,350,0.7607,0.3333,0.9314,1628,2,3,away,Brighton & Hove Albion,Loss,0
2500051,1644,393,4,1,9,58,18,480,312,843,406,0.7939,0.25,0.968,1673,0,1,away,Watford,Loss,0
2500051,1673,356,7,1,9,57,13,464,265,732,372,0.7444,0.1429,0.957,1644,1,0,home,Huddersfield Town,Win,2
2500052,1612,616,19,7,9,62,18,732,540,987,644,0.8766,0.3684,0.9565,1659,3,0,away,Liverpool,Win,2
2500052,1659,359,7,1,9,60,21,454,295,772,375,0.8217,0.1429,0.9573,1612,0,3,home,AFC Bournemouth,Loss,0
2500053,1611,730,12,4,8,63,10,824,653,1069,750,0.8945,0.3333,0.9733,1627,0,1,away,Manchester United,Loss,0
2500053,1627,288,10,4,13,66,22,378,224,681,311,0.7778,0.4,0.926,1611,1,0,home,West Bromwich Albion,Win,2
2500054,1609,682,13,3,9,68,7,825,591,1149,704,0.8666,0.2308,0.9688,1613,1,2,home,Arsenal,Loss,0
2500054,1613,230,7,4,12,86,23,375,178,642,249,0.7739,0.5714,0.9237,1609,2,1,away,Newcastle United,Win,2
2500055,1610,502,17,5,15,58,5,621,418,882,534,0.8327,0.2941,0.9401,1619,3,2,home,Chelsea,Win,2
2500055,1619,360,9,6,13,77,21,485,294,821,382,0.8167,0.6667,0.9424,1610,2,3,away,Southampton,Loss,0
2500056,1623,405,10,3,11,68,27,564,338,818,426,0.8346,0.3,0.9507,10531,1,1,away,Everton,Draw,1
2500056,10531,430,15,6,10,83,5,563,350,907,455,0.814,0.4,0.9451,1623,1,1,home,Swansea City,Draw,1
2500057,1624,443,8,3,12,69,10,526,356,767,463,0.8036,0.375,0.9568,1625,1,3,away,Tottenham Hotspur,Loss,0
2500057,1625,502,14,6,14,54,18,600,439,903,530,0.8745,0.4286,0.9472,1624,3,1,home,Manchester City,Win,2
2500058,1633,442,14,5,16,70,5,613,358,895,472,0.81,0.3571,0.9364,1639,1,1,away,West Ham United,Draw,1
2500058,1639,257,10,6,22,99,33,415,201,766,289,0.7821,0.6,0.8893,1633,1,1,home,Stoke City,Draw,1
2500059,1611,546,12,5,8,83,13,701,473,948,566,0.8663,0.4167,0.9647,1659,2,0,away,Manchester United,Win,2
2500059,1659,423,7,2,9,79,13,566,358,883,439,0.8463,0.2857,0.9636,1611,0,2,home,AFC Bournemouth,Loss,0
2500060,1609,601,19,7,12,51,9,697,530,956,632,0.8819,0.3684,0.9509,1633,4,1,home,Arsenal,Win,2
2500060,1633,280,10,4,9,64,11,359,212,673,299,0.7571,0.4,0.9365,1609,1,4,away,West Ham United,Loss,0
2500061,1624,624,12,5,4,62,8,756,542,1019,640,0.8686,0.4167,0.975,1651,1,1,away,Tottenham Hotspur,Draw,1
2500061,1651,348,7,4,6,107,27,469,266,808,361,0.7644,0.5714,0.964,1624,1,1,home,Brighton & Hove Albion,Draw,1
2500062,1610,817,21,6,7,48,6,949,716,1239,845,0.8764,0.2857,0.9669,1673,1,1,away,Chelsea,Draw,1
2500062,1673,189,2,1,10,103,67,310,135,692,201,0.7143,0.5,0.9403,1610,1,1,home,Huddersfield Town,Draw,1
2500063,1613,360,8,2,12,90,17,526,266,905,380,0.7389,0.25,0.9474,1623,0,1,home,Newcastle United,Loss,0
2500063,1623,469,7,1,10,85,13,608,380,942,486,0.8102,0.1429,0.965,1613,1,0,away,Everton,Win,2
2500064,1619,370,7,3,10,72,22,471,293,840,387,0.7919,0.4286,0.9561,1631,0,0,home,Southampton,Draw,1
2500064,1631,437,9,2,10,66,17,566,363,851,456,0.8307,0.2222,0.9583,1619,0,0,away,Leicester City,Draw,1
2500065,1625,1008,17,11,8,53,2,1100,943,1326,1033,0.9355,0.6471,0.9758,10531,5,0,home,Manchester City,Win,2
2500065,10531,183,3,1,8,71,13,266,143,490,194,0.7814,0.3333,0.9433,1625,0,5,away,Swansea City,Loss,0
2500066,1639,315,8,3,17,59,23,421,206,797,340,0.654,0.375,0.9265,1646,1,1,away,Stoke City,Draw,1
2500066,1646,430,13,5,5,53,9,517,321,819,448,0.7465,0.3846,0.9598,1639,1,1,home,Burnley,Draw,1
2500067,1628,313,5,1,16,76,18,454,240,802,334,0.7668,0.2,0.9371,1644,0,0,home,Crystal Palace,Draw,1
2500067,1644,333,12,4,17,95,13,458,245,741,362,0.7357,0.3333,0.9199,1628,0,0,away,Watford,Draw,1
2500068,1612,556,8,3,6,72,28,650,477,927,570,0.8579,0.375,0.9754,1627,2,2,away,Liverpool,Draw,1
2500068,1627,334,11,5,12,59,17,444,252,758,357,0.7545,0.4545,0.9356,1612,2,2,home,West Bromwich Albion,Draw,1
2500069,1646,308,9,2,5,61,26,463,244,789,322,0.7922,0.2222,0.9565,1651,0,0,home,Burnley,Draw,1
2500069,1651,403,8,2,17,50,17,534,316,817,428,0.7841,0.25,0.9416,1646,0,0,away,Brighton & Hove Albion,Draw,1
2500070,1628,403,13,8,13,60,18,533,355,810,429,0.8809,0.6154,0.9394,1631,5,0,home,Crystal Palace,Win,2
2500070,1631,381,6,1,10,90,10,502,314,749,397,0.8241,0.1667,0.9597,1628,0,5,away,Leicester City,Loss,0
2500071,1623,408,6,4,8,74,22,528,311,892,422,0.7623,0.6667,0.9668,1673,2,0,away,Everton,Win,2
2500071,1673,452,9,1,10,78,15,580,355,875,471,0.7854,0.1111,0.9597,1623,0,2,home,Huddersfield Town,Loss,0
2500072,1612,611,18,2,5,45,3,713,522,1026,634,0.8543,0.1111,0.9637,1639,0,0,home,Liverpool,Draw,1
2500072,1639,211,4,1,15,76,31,326,147,701,230,0.6967,0.25,0.9174,1612,0,0,away,Stoke City,Draw,1
2500073,1609,421,8,4,7,98,21,549,360,775,436,0.8551,0.5,0.9656,1611,1,2,home,Arsenal,Loss,0
2500073,1611,621,14,2,12,66,4,727,554,1033,647,0.8921,0.1429,0.9598,1609,2,1,away,Manchester United,Win,2
2500074,1613,562,14,2,8,73,10,690,460,996,584,0.8185,0.1429,0.9623,1627,0,1,away,Newcastle United,Loss,0
2500074,1627,331,10,2,14,69,17,433,252,821,355,0.7613,0.2,0.9324,1613,1,0,home,West Bromwich Albion,Win,2
2500075,1619,332,14,6,14,96,25,436,254,722,360,0.7651,0.4286,0.9222,1659,2,1,away,Southampton,Win,2
2500075,1659,496,13,7,11,50,14,617,410,943,520,0.8266,0.5385,0.9538,1619,1,2,home,AFC Bournemouth,Loss,0
2500076,1610,553,8,2,9,63,22,705,494,936,570,0.8933,0.25,0.9702,10531,1,0,home,Chelsea,Win,2
2500076,10531,565,10,3,14,77,9,670,498,987,589,0.8814,0.3,0.9593,1610,0,1,away,Swansea City,Loss,0
2500077,1624,548,12,3,11,66,8,646,470,904,571,0.8577,0.25,0.9597,1644,2,0,away,Tottenham Hotspur,Win,2
2500077,1644,322,11,5,10,65,20,440,253,739,343,0.7857,0.4545,0.9388,1624,0,2,home,Watford,Loss,0
2500078,1625,860,18,8,11,54,11,943,793,1195,889,0.9221,0.4444,0.9674,1633,4,1,home,Manchester City,Win,2
2500078,1633,260,1,0,5,71,13,355,198,627,266,0.7615,0.0,0.9774,1625,1,4,away,West Ham United,Loss,0
2500079,1659,344,11,5,12,54,19,467,261,821,367,0.7587,0.4545,0.9373,10531,1,0,home,AFC Bournemouth,Win,2
2500079,10531,427,12,3,12,75,16,545,339,811,451,0.7939,0.25,0.9468,1659,0,1,away,Swansea City,Loss,0
2500080,1609,663,14,7,6,56,11,725,589,974,683,0.8884,0.5,0.9707,1646,5,0,away,Arsenal,Win,2
2500080,1646,359,5,2,8,52,19,414,300,680,372,0.8357,0.4,0.9651,1609,0,5,home,Burnley,Loss,0
2500081,1611,667,14,3,3,57,14,790,606,1047,684,0.9085,0.2143,0.9751,1651,0,1,away,Manchester United,Loss,0
2500081,1651,287,11,4,5,72,23,404,234,702,303,0.8153,0.3636,0.9472,1611,1,0,home,Brighton & Hove Albion,Win,2
2500082,1610,335,10,4,14,75,16,460,262,784,359,0.7821,0.4,0.9331,1612,1,0,away,Chelsea,Win,2
2500082,1612,751,10,6,9,76,7,842,666,1117,770,0.8868,0.6,0.9753,1610,0,1,home,Liverpool,Loss,0
2500083,1619,331,8,4,13,86,14,492,265,815,352,0.8006,0.5,0.9403,1623,1,1,home,Southampton,Draw,1
2500083,1623,388,6,1,14,79,17,560,327,817,408,0.8428,0.1667,0.951,1619,1,1,away,Everton,Draw,1
2500084,1631,409,12,2,9,80,12,510,335,877,430,0.8191,0.1667,0.9512,1633,0,2,home,Leicester City,Loss,0
2500084,1633,354,13,3,9,58,16,485,276,727,376,0.7797,0.2308,0.9415,1631,2,0,away,West Ham United,Win,2
2500085,1625,714,14,1,9,43,15,831,628,1121,737,0.8796,0.0714,0.9688,1673,0,0,away,Manchester City,Draw,1
2500085,1673,146,5,3,6,75,54,279,90,629,157,0.6164,0.6,0.9299,1625,0,0,home,Huddersfield Town,Draw,1
2500086,1628,383,14,2,13,55,9,528,308,857,410,0.8042,0.1429,0.9341,1639,2,1,home,Crystal Palace,Win,2
2500086,1639,252,5,0,21,95,13,343,173,640,278,0.6865,0.0,0.9065,1628,1,2,away,Stoke City,Loss,0
2500087,1613,572,9,1,12,61,4,713,476,1021,593,0.8322,0.1111,0.9646,1644,1,2,away,Newcastle United,Loss,0
2500087,1644,376,10,7,11,78,15,492,300,825,397,0.7979,0.7,0.9471,1613,2,1,home,Watford,Win,2
2500088,1624,602,15,4,13,52,16,697,509,988,630,0.8455,0.2667,0.9556,1627,0,1,away,Tottenham Hotspur,Loss,0
2500088,1627,189,7,1,14,81,43,289,128,628,210,0.6772,0.1429,0.9,1624,1,0,home,West Bromwich Albion,Win,2
2500089,1646,417,9,4,14,60,10,490,321,761,440,0.7698,0.4444,0.9477,1659,1,2,home,Burnley,Loss,0
2500089,1659,383,14,5,9,60,23,482,305,811,406,0.7963,0.3571,0.9433,1646,2,1,away,AFC Bournemouth,Win,2
2500090,1627,369,5,1,11,93,11,466,305,798,385,0.8266,0.2,0.9584,1628,0,2,away,West Bromwich Albion,Loss,0
2500090,1628,539,11,5,11,73,10,686,476,932,561,0.8831,0.4545,0.9608,1627,2,0,home,Crystal Palace,Win,2
2500091,1609,501,8,4,7,56,25,612,419,964,516,0.8363,0.5,0.9709,1673,1,0,home,Arsenal,Win,2
2500091,1673,395,18,3,11,75,11,511,317,773,424,0.8025,0.1667,0.9316,1609,0,1,away,Huddersfield Town,Loss,0
2500092,1612,715,21,11,3,59,3,813,643,1050,739,0.8993,0.5238,0.9675,1651,4,0,away,Liverpool,Win,2
2500092,1651,254,2,1,6,70,29,361,194,653,262,0.7638,0.5,0.9695,1612,0,4,home,Brighton & Hove Albion,Loss,0
2500093,1611,445,7,1,6,82,18,552,364,801,458,0.818,0.1429,0.9716,1644,1,0,away,Manchester United,Win,2
2500093,1644,424,5,3,11,60,17,523,365,842,440,0.8608,0.6,0.9636,1611,0,1,home,Watford,Loss,0
2500094,1610,547,6,2,10,55,22,684,477,974,563,0.872,0.3333,0.9716,1613,0,3,away,Chelsea,Loss,0
2500094,1613,392,16,7,11,88,8,480,324,737,419,0.8265,0.4375,0.9356,1610,3,0,home,Newcastle United,Win,2
2500095,1619,236,7,3,10,72,20,330,170,634,253,0.7203,0.4286,0.9328,1625,0,1,away,Southampton,Loss,0
2500095,1625,585,11,2,12,61,13,683,503,946,608,0.8598,0.1818,0.9622,1619,1,0,home,Manchester City,Win,2
2500096,1639,411,7,4,9,95,21,553,347,847,427,0.8443,0.5714,0.9625,10531,2,1,away,Stoke City,Win,2
2500096,10531,524,24,11,12,62,1,671,456,935,560,0.8702,0.4583,0.9357,1639,1,2,home,Swansea City,Loss,0
2500097,1624,441,13,6,9,67,14,577,375,830,463,0.8503,0.4615,0.9525,1631,5,4,away,Tottenham Hotspur,Win,2
2500097,1631,246,17,9,14,79,13,379,191,678,277,0.7764,0.5294,0.8881,1624,4,5,home,Leicester City,Loss,0
2500098,1623,330,13,7,11,62,16,412,276,671,354,0.8364,0.5385,0.9322,1633,1,3,home,Everton,Loss,0
2500098,1633,426,14,4,9,46,9,524,364,729,449,0.8545,0.2857,0.9488,1623,3,1,away,West Ham United,Win,2
